"","ID","POA_CODE","UHexceedence_iid","UHexceedence_BYM","RRF_iid","RRF_BYM"
"1",1,"0810",0.348322293604321,0.553055618734005,0.0849346850765798,0.087547707024811
"2",2,"0812",0.847403037474063,0.831524787468424,0.103968397775199,0.106336432819286
"3",3,"0820",0.437031130229721,0.599045416379815,0.0874048290504117,0.0909804867879238
"4",4,"0822",0.34080658380056,0.562430802682687,0.0840990262815266,0.0875101187809917
"5",5,"0830",0.995553948839756,0.927228291720753,0.126853587996228,0.123857227532433
"6",6,"0832",0.100882331889373,0.364859872574547,0.0731579829964719,0.0774209685643439
"7",7,"0836",0.46505921057519,0.679442913941162,0.0888427824262399,0.0972365807065703
"8",8,"0850",0.413166721569712,0.441968231253534,0.0863846242646918,0.0869461068655019
"9",9,"0852",0.147323472325597,0.427100122089128,0.0735291797601061,0.0804537546591471
"10",10,"0870",0.892834072355113,0.916837265717081,0.10677726790525,0.114761111577338
"11",11,"0872",0.983512817029568,0.934302826641975,0.126482599273789,0.123938286941518
"12",12,"2000",0.99997525039058,0.996024771934871,0.168100551851637,0.163937649872144
"13",13,"2007",0.642246797964888,0.874078127688316,0.0979560435671999,0.112356403656277
"14",14,"2009",0.538638377100996,0.84113063698051,0.0914759867627601,0.102823426707495
"15",15,"2010",0.649200393322814,0.844089416531764,0.0960855684476259,0.103299391699495
"16",16,"2011",0.623984915749399,0.847961170384152,0.0959165339095332,0.104775807226319
"17",17,"2015",0.169819980671398,0.406971104530486,0.0750433366518014,0.0806055561350503
"18",18,"2016",0.305470755611844,0.543686268306316,0.0814923865647563,0.0874125765953072
"19",19,"2017",0.729029395756783,0.748715522610738,0.0991080137931585,0.100423799731955
"20",20,"2018",0.713387366549774,0.843626288081996,0.0985012396333986,0.102088049681365
"21",21,"2019",0.385080874797448,0.710172478990517,0.0853530911526278,0.0928507553167263
"22",22,"2020",0.814668068157988,0.856225369744735,0.104366041404156,0.106852728260845
"23",23,"2021",0.0785000276199705,0.612725866842427,0.0702668836900236,0.080883277084099
"24",24,"2022",0.25599962815845,0.59516448027953,0.0796346549266535,0.0868643772561089
"25",25,"2023",0.535858897902519,0.617333477738023,0.0915190342082938,0.093630896180323
"26",26,"2024",0.662359412434953,0.744991980845664,0.0967069319786036,0.100567982467596
"27",27,"2025",0.46039570682583,0.570507710661964,0.0885627587465414,0.0916166482226718
"28",28,"2026",0.936905377309789,0.807069332264622,0.107057913789787,0.106390706645303
"29",29,"2027",0.417408950489868,0.596784955496336,0.0865789327181823,0.0910551860199734
"30",30,"2029",0.190217062686023,0.49413859972276,0.0765238683640157,0.0831704700229292
"31",31,"2030",0.675388987465621,0.696233217469163,0.0973380525923986,0.10041121428411
"32",32,"2031",0.931263291088889,0.855642866390239,0.105766162059253,0.105712331653314
"33",33,"2032",0.924348191840278,0.926031663452537,0.115702620859951,0.118398577050072
"34",34,"2033",0.94046932287463,0.921489264475107,0.119138590814159,0.118610657462588
"35",35,"2034",0.0630234400241381,0.302511415116964,0.0706341937781945,0.0743743866758263
"36",36,"2035",0.72620177766048,0.79864074175181,0.0965141606926001,0.0987433221403412
"37",37,"2036",0.831047616002117,0.804889520142938,0.101759807579913,0.104516104764026
"38",38,"2037",0.359439854796871,0.57376646210662,0.0841817043080056,0.0895994127228575
"39",39,"2038",0.218914525710895,0.166187080079403,0.077921526506121,0.0748855679620368
"40",40,"2039",0.852038171765669,0.408865628491905,0.106866732528725,0.0962194501427833
"41",41,"2040",0.000937607644772465,0.0224320668141214,0.0559800852494628,0.0567378135025097
"42",42,"2041",0.283308724828535,0.320559317688041,0.0817425324119453,0.0805247803929066
"43",43,"2042",0.0221179947570256,0.0745557880518803,0.0625162901872117,0.0631425619068093
"44",44,"2046",0.0342607069708923,0.142359033716192,0.0679269019511454,0.0698464744826251
"45",45,"2047",0.204210116365796,0.168148481811647,0.0772148679585859,0.0713778541513926
"46",46,"2048",0.473326119991517,0.122884032493972,0.089242128801188,0.0770185736620785
"47",47,"2049",0.159583959440674,0.0948503654795857,0.0742370994220284,0.0688602853778559
"48",48,"2060",0.697598389416805,0.819730511787489,0.098886445272455,0.10721250762363
"49",49,"2063",0.56642747172548,0.696574107379678,0.0939691827639849,0.101133920662772
"50",50,"2064",0.594019564298923,0.743826294153408,0.0942662430918699,0.0992856308923713
"51",51,"2065",0.776342224529539,0.806777080781746,0.0985604244573638,0.100838184109511
"52",52,"2066",0.534426646710554,0.71249836516537,0.0905395505913114,0.0940965911689735
"53",53,"2067",0.913810825266191,0.844148005253519,0.108772279828386,0.108035405727642
"54",54,"2068",0.364981986052605,0.6820410103377,0.0846978356021015,0.0910815913165046
"55",55,"2069",0.587932268774233,0.699239477741591,0.0935857352243788,0.0970234331940786
"56",56,"2070",0.555651412669613,0.716576823449773,0.0926095185912853,0.0969136805945807
"57",57,"2071",0.793313028535558,0.822864318829688,0.105188600003828,0.105531160043742
"58",58,"2072",0.874484861962566,0.905069828980402,0.113901213468109,0.119964894804202
"59",59,"2073",0.494487618871603,0.846819776545678,0.0897159531979971,0.0985890038391588
"60",60,"2074",0.60278839047724,0.888258449565936,0.0937872110668003,0.10148514056016
"61",61,"2075",0.706258566489381,0.860285939499822,0.0979868416472687,0.104266092693928
"62",62,"2076",0.878362933062463,0.849818447837762,0.107005685560667,0.109185090331595
"63",63,"2077",0.238277365464235,0.551345305222146,0.0816417899329347,0.085021565815273
"64",64,"2086",0.175632042052233,0.333535924068301,0.0755738633733004,0.0786368997951778
"65",65,"2087",0.578498508110131,0.561895935294519,0.0936798512949016,0.0930683143461961
"66",66,"2088",0.665082578243374,0.714846441006326,0.09499743164447,0.0989508571000728
"67",67,"2089",0.784344174885982,0.848059419195917,0.103501493789853,0.111466177628811
"68",68,"2090",0.609316761321199,0.757699128773283,0.0940609534509207,0.100844036799451
"69",69,"2092",0.46039570682583,0.40100621188463,0.0885627587465414,0.086495172914599
"70",70,"2093",0.257350028814539,0.323019810498379,0.0814056737810041,0.0816314951639707
"71",71,"2094",0.725645946877771,0.635522215521958,0.100725030325821,0.100311524061349
"72",72,"2095",0.820458208437351,0.553194462728555,0.103040283397646,0.0984258733712551
"73",73,"2096",0.0673017859867568,0.176911355083454,0.0698635660129343,0.0717151137857081
"74",74,"2097",0.265493500220059,0.330635728217492,0.0806566575398188,0.0806689962534164
"75",75,"2099",0.477963578111072,0.348783778476313,0.088644862821742,0.0869486568288884
"76",76,"2100",0.0586310309683051,0.199908718173004,0.0700417853377551,0.0731183069394869
"77",77,"2101",0.443752413465053,0.511199987891732,0.0876543031778983,0.0888877809769534
"78",78,"2102",0.180075578075786,0.447204277916605,0.0751308165157141,0.0818556193532178
"79",79,"2103",0.972928226143386,0.892903138651009,0.127448471486262,0.12569166640251
"80",80,"2106",0.463735568607555,0.821946156642305,0.0886673074051579,0.105198836953715
"81",81,"2107",0.906330985996343,0.92355002719533,0.112691154687462,0.125887708210886
"82",82,"2110",0.806144662690483,0.713329081790212,0.10708302336199,0.106784960441775
"83",83,"2111",0.0459840148451786,0.308674509695558,0.0656505945369734,0.0727787748932537
"84",84,"2112",0.568423848720685,0.715811645190256,0.091615336011721,0.0947720231867924
"85",85,"2113",0.225656112033622,0.6958027568095,0.0794560884107645,0.0868360855472119
"86",86,"2114",0.883228073252568,0.910345604326053,0.105558788461508,0.110198205332269
"87",87,"2115",0.63592818688181,0.933824105411028,0.0954737210635523,0.107549572376764
"88",88,"2116",0.50582575483297,0.991905936147292,0.0905267467509095,0.116371749647325
"89",89,"2117",0.495876579252958,0.976886940164273,0.0894289660331686,0.103021927039424
"90",90,"2118",0.963473517358806,0.974843653684562,0.116178596568724,0.119281765816473
"91",91,"2119",0.455896362263768,0.807605788121571,0.0883103235158609,0.0992159686810014
"92",92,"2120",0.541846090456072,0.810297252664561,0.0911238397149283,0.096176245117435
"93",93,"2121",0.975929687469341,0.965458690654476,0.118393635137104,0.120422513295158
"94",94,"2122",0.977736952907605,0.978274636663641,0.116010136331829,0.117082775697386
"95",95,"2125",0.261484849557146,0.731606226078492,0.0800140622120075,0.0895360336687987
"96",96,"2126",0.497341646959094,0.662577190496041,0.0899374031903036,0.0942832772094228
"97",97,"2127",0.998066118238167,0.998826431142997,0.138194890532933,0.14729266711036
"98",98,"2128",0.87955475556585,0.998972107507613,0.117066856407544,0.143494683711811
"99",99,"2131",0.287983592097562,0.249776009238344,0.0822915794178746,0.0804557695597001
"100",100,"2132",0.318827746104952,0.29269427825307,0.082103680610295,0.0809927910990958
"101",101,"2133",0.250520106251499,0.32842932356241,0.0796624646867158,0.0808949775668334
"102",102,"2134",0.386544234437045,0.473306260717938,0.0853096995516532,0.0870522122737608
"103",103,"2135",0.822906926409957,0.908919555568404,0.103874223033193,0.107764432380101
"104",104,"2136",0.340943949301717,0.522776223694486,0.0830283552449359,0.0875360010664593
"105",105,"2137",0.510866496367052,0.742352294629763,0.0897286198548478,0.0936612000932736
"106",106,"2138",0.843445023091288,0.952694714047967,0.103323405240616,0.111986283768397
"107",107,"2140",0.952607554453978,0.98631710895357,0.115837531614764,0.123232286951197
"108",108,"2141",0.986279471113185,0.998559007688927,0.11860657258356,0.125852654355754
"109",109,"2142",0.999992451057227,0.9999624521726,0.142968442276637,0.147594788715978
"110",110,"2143",0.812296444020159,0.985748235610728,0.106233341406941,0.120232011103504
"111",111,"2144",0.999999836662889,0.999864127641855,0.143447772804554,0.14698443102268
"112",112,"2145",0.975551831512215,0.989801336645367,0.103770773553522,0.106498363443685
"113",113,"2146",0.979104361120847,0.931020983819206,0.121646304096765,0.119641729431471
"114",114,"2147",0.280840007405564,0.513527727842084,0.0832349428798369,0.0853151237656499
"115",115,"2148",0.970812218664798,0.897109567688781,0.104820074821121,0.105239224445842
"116",116,"2150",0.999999999999998,0.99999890547458,0.220388723637915,0.214709738463034
"117",117,"2151",0.967783128888743,0.986024674075165,0.116128494522087,0.119668822235625
"118",118,"2152",0.510554442969375,0.821226109993,0.0903212227291367,0.0988046916246282
"119",119,"2153",0.00898137428725665,0.422745390682289,0.0676381045127177,0.0730033459693119
"120",120,"2154",0.663099086728946,0.667013848464967,0.0944378373845698,0.0950339478612813
"121",121,"2155",0.095058194416956,0.348387206561144,0.0773470172165768,0.0790919248159752
"122",122,"2156",0.833195885487788,0.762996041989646,0.10795593273064,0.106160600798624
"123",123,"2158",0.503494844977525,0.673026554540026,0.0905092121375519,0.0949868760604071
"124",124,"2160",0.934935534160164,0.994173915854705,0.104901974696888,0.111966359148529
"125",125,"2161",0.987579967208873,0.991312965748541,0.11296502548396,0.117378906326106
"126",126,"2162",0.70617712180163,0.991566727736871,0.0972736798532608,0.109251533990533
"127",127,"2163",0.892402228196176,0.956566251504593,0.111959516656412,0.117696304905136
"128",128,"2164",0.740099541867582,0.95016649997517,0.0985508968134926,0.105825326215544
"129",129,"2165",0.756054571812372,0.922635578703696,0.0962965046698106,0.100354421438806
"130",130,"2166",0.565866699596428,0.801392226929433,0.0907963268607553,0.0937816620815587
"131",131,"2167",0.255972385487188,0.381425102495081,0.0797703001339433,0.0821760992714999
"132",132,"2168",0.83579361024565,0.720101842711897,0.0990139971731692,0.0993116827074781
"133",133,"2170",0.555417908303578,0.65759518706131,0.089883821900155,0.090493525644786
"134",134,"2171",0.0649070155399267,0.397361917211388,0.0732361602294324,0.0773883529420846
"135",135,"2173",0.075883809450913,0.123936868020888,0.071021102387956,0.0727901595495229
"136",136,"2176",0.247595251737936,0.631286471731532,0.0820464240635154,0.0860270680667683
"137",137,"2177",0.809860991074113,0.753081512384389,0.104036714753916,0.103062524157813
"138",138,"2179",0.821741276066903,0.580683972786886,0.108982467562741,0.100460938996692
"139",139,"2190",0.66722264263603,0.94491150874506,0.0944008257325393,0.0999667056943586
"140",140,"2192",0.928707436770668,0.890673876994338,0.113507424240303,0.112238977208992
"141",141,"2193",0.245173447240067,0.336271703500691,0.0792882207870513,0.0807581852867327
"142",142,"2194",0.879133438713001,0.717858523504018,0.106086027760366,0.103866296338216
"143",143,"2195",0.950389348448113,0.904067613600928,0.106146981008351,0.108224143090854
"144",144,"2196",0.886723546653216,0.833856327772983,0.102571069566882,0.102674263863765
"145",145,"2197",0.795278633675437,0.946373366708704,0.104245517312558,0.114178950882366
"146",146,"2198",0.707774362664086,0.914148405115045,0.0999619027144853,0.107428584594826
"147",147,"2199",0.804951965184124,0.960452778904062,0.101063971650864,0.107870898717003
"148",148,"2200",0.999358628911358,0.94186368643088,0.119201178531819,0.117819231095111
"149",149,"2204",0.669497442912956,0.349251925771186,0.0950073705668198,0.0904131364569623
"150",150,"2205",0.93330505895955,0.873930592746134,0.112644752681078,0.111756568038073
"151",151,"2206",0.0987826417604327,0.476511489242989,0.0714961958929396,0.0796654644682433
"152",152,"2207",0.633509521606991,0.795195824776642,0.093598943996498,0.0965765643530767
"153",153,"2208",0.245249253194363,0.619920430925352,0.0794301606136559,0.0868130792801559
"154",154,"2209",0.341132201396211,0.549836284038131,0.0837978632917879,0.0874564690044391
"155",155,"2210",0.0453098205019664,0.266951058960629,0.069195263783765,0.0733000648823056
"156",156,"2211",0.343066197061885,0.496613875158413,0.0839798801732585,0.086553135655784
"157",157,"2212",0.34303608474838,0.367411032465334,0.0838128737432159,0.0836210698980185
"158",158,"2213",0.0528840660861077,0.0709712030573489,0.0692850203599077,0.0658540721170833
"159",159,"2216",0.991557945370585,0.953291580333475,0.121335113120638,0.121766520914664
"160",160,"2217",0.417596762507761,0.784742438748101,0.0868564619928852,0.0930015769622748
"161",161,"2218",0.248677808659239,0.602772778329405,0.0803902503122281,0.0865762661387166
"162",162,"2219",0.932442592492609,0.931514102695495,0.11702860688448,0.128717952046879
"163",163,"2220",0.997968745126687,0.90073194255655,0.127024252546922,0.121402867592026
"164",164,"2221",0.770623428235174,0.718373601985526,0.102327007165421,0.101920230970694
"165",165,"2222",0.609026597984455,0.656140823261532,0.0943976859106239,0.0966805551194217
"166",166,"2223",0.251829383047072,0.457820555299649,0.0807968854698868,0.0838016110817256
"167",167,"2224",0.641682232726049,0.154918345311714,0.0954586997844345,0.0841054784218189
"168",168,"2225",0.820192062750627,0.367082670698017,0.109444596050718,0.0927883027303937
"169",169,"2226",0.120648586523444,0.100697266681507,0.0726772699340649,0.0673924026625845
"170",170,"2227",0.355082117286362,0.0687338671807218,0.0842749267142136,0.0743988930956355
"171",171,"2228",0.0411621691810679,0.0335114155736647,0.0667188298354592,0.0622880184232039
"172",172,"2229",0.0256438464553238,0.031207945919185,0.0671652519450025,0.0635507226320998
"173",173,"2230",0.260048660213556,0.0963174397935365,0.0816430818124653,0.0749510076703818
"174",174,"2232",0.00439047844809393,0.0149138850422705,0.0615845492376914,0.0607997322364419
"175",175,"2233",0.00531115085532619,0.00958323776116465,0.0604871093411427,0.0596918223259676
"176",176,"2234",0.084844472828148,0.0319429059936739,0.0728359026588149,0.0678067809858236
"177",177,"2250",0.0563348709094128,0.0227885836871839,0.0752881612830749,0.0716749162290508
"178",178,"2251",0.0827461839783183,0.0125723184973441,0.0723340788967595,0.0631224338567588
"179",179,"2257",0.0213951281939203,0.0167289193319357,0.0657502402683306,0.0572961893992415
"180",180,"2259",0.0336028179609535,0.0378918194251436,0.0725978147112979,0.0711341585384031
"181",181,"2260",0.0058774483739672,0.00407469312306175,0.0584288488433433,0.0529766045251356
"182",182,"2261",0.0072489454236867,0.0103328914901072,0.0669155513929334,0.063685164938693
"183",183,"2262",0.000619801019840049,0.00362043726362871,0.0516620188071768,0.0476312297395819
"184",184,"2263",0.428458025510959,0.0666804427387638,0.0871349467604653,0.0761678415728409
"185",185,"2264",0.715284635413031,0.556807818649419,0.0996148737728382,0.0965477237637537
"186",186,"2265",0.892579550321745,0.617542123512691,0.117112172702498,0.104424128301793
"187",187,"2280",0.0254169153563323,0.0223933027881619,0.0656681292369221,0.0610514514056793
"188",188,"2281",0.572417036906324,0.212890254434678,0.0931315952832355,0.081960642059458
"189",189,"2282",0.535858897902519,0.0748291797409693,0.0915190342082937,0.0752989022430648
"190",190,"2283",0.495876579252957,0.550965094456228,0.0894289660331686,0.0910857718877485
"191",191,"2285",0.00996263176304213,0.00536305660291103,0.0642375421281557,0.060084412122009
"192",192,"2287",0.00359507643128332,0.0165483654383691,0.0610400306636153,0.0604822726236236
"193",193,"2289",0.187472663657078,0.0166573250543939,0.0776841408325667,0.0675328579711268
"194",194,"2290",0.0171587619490802,0.00606460002340226,0.0670910925518108,0.0620418263802458
"195",195,"2291",0.0848891138467799,0.0220991026230684,0.0699412797014718,0.0609240870998786
"196",196,"2299",0.837647821111553,0.357762995387643,0.107089361611147,0.0938288683201066
"197",197,"2303",0.402386560336018,0.094882733850901,0.0859102704424394,0.0708836616224115
"198",198,"2304",0.543630537094913,0.396687123113974,0.0914059553507453,0.087924966132076
"199",199,"2305",0.0829480263833248,0.0264158686735009,0.0694907425312126,0.0631112731341391
"200",200,"2315",0.564202496853503,0.579259351260387,0.0928799504844594,0.0976306793663006
"201",201,"2318",0.355211392226336,0.286292987010421,0.084120214071295,0.0811983387723956
"202",202,"2319",0.617142206535931,0.532520858652455,0.0962370716987253,0.0956853813056823
"203",203,"2320",0.356063806333945,0.324011329560687,0.0852905426056609,0.0844626436005091
"204",204,"2321",0.0970368007517141,0.220120669939085,0.0711151991172337,0.0746758286254734
"205",205,"2322",0.041193731550458,0.0802637997309695,0.0672899162874482,0.0681430837756088
"206",206,"2323",0.492553487192094,0.321620031570068,0.0892308446790207,0.0866731390624659
"207",207,"2324",0.28422645700458,0.213462665042399,0.0820858359851756,0.0795658150384019
"208",208,"2325",0.876627958483133,0.439305214849928,0.104678246142161,0.0979422685834804
"209",209,"2327",0.895669222044227,0.72759534642284,0.114570913826369,0.11056911497265
"210",210,"2330",0.156780975872918,0.391938657028296,0.0768110050743802,0.080304098161398
"211",211,"2333",0.847099723135777,0.765817257278333,0.105065862274626,0.107617730699583
"212",212,"2335",0.647338921805396,0.481672117521788,0.0973769857212958,0.0928971323985451
"213",213,"2340",0.000470429892954538,0.0504425026244237,0.0597377326954833,0.0611271269589355
"214",214,"2346",0.771609756043343,0.611932252758784,0.107737063425477,0.100168884029942
"215",215,"2350",0.122444678789437,0.337241682429027,0.0749321882736818,0.0780523155821341
"216",216,"2360",0.34303608474838,0.148804520908515,0.0838128737432157,0.0742832548465181
"217",217,"2370",0.306127247082338,0.111589097852149,0.0814057248853073,0.0705116049453521
"218",218,"2380",0.143236672780601,0.294096116489023,0.0737897265524548,0.077897863687509
"219",219,"2388",0.540767546197054,0.73290671405142,0.0926153962193207,0.0981163445917333
"220",220,"2390",0.273332240241306,0.511719433643424,0.0802800351323216,0.0855969587274329
"221",221,"2400",0.615825433848702,0.808490854687853,0.0944509601877747,0.103434699465911
"222",222,"2428",0.151430144862701,0.0607573002361211,0.0749059303923305,0.0643468198358903
"223",223,"2429",0.624766762572997,0.360437239199977,0.0964019885762513,0.0881024998854977
"224",224,"2430",0.0462888147825543,0.0788626472949778,0.0695066107574274,0.0674905402901538
"225",225,"2431",0.651689709244166,0.741973450735813,0.0988887126878213,0.104849429261946
"226",226,"2440",0.687636833887102,0.846604141078131,0.0961482004280736,0.0994916981754608
"227",227,"2441",0.709495790453809,0.903367188674569,0.102766967405192,0.107189365119729
"228",228,"2443",0.925126516535056,0.67030354592462,0.123914859504195,0.111293359128466
"229",229,"2444",0.6528725686254,0.677061766380344,0.0937699372795303,0.0951108906917074
"230",230,"2446",0.379681848427248,0.566195186644971,0.0850241970529197,0.0889603048875168
"231",231,"2447",0.973163552469022,0.974567150728805,0.134031811687188,0.138409900740353
"232",232,"2448",0.845911796613931,0.951887669165578,0.110138051363282,0.12543817112947
"233",233,"2450",0.999490104816106,0.908942462107158,0.129919541565533,0.124488710425039
"234",234,"2452",0.209772144167795,0.617242069009835,0.0776558728099872,0.0866630830731191
"235",235,"2454",0.999473276727679,0.984685823313307,0.165050217139249,0.146065423689092
"236",236,"2456",0.0873729889300583,0.14642878895225,0.0701314939395492,0.0694700659456703
"237",237,"2460",0.164431843271295,0.141028466441746,0.0774174142645994,0.075695987364564
"238",238,"2464",0.574996195808986,0.332695618124695,0.094432142998016,0.0847508437036849
"239",239,"2470",0.0525426510502726,0.610846518484111,0.0673791990669746,0.0809392624322316
"240",240,"2472",0.908197294557824,0.994996930073296,0.122959860871633,0.165522064422843
"241",241,"2474",0.793383635300421,0.952186291837338,0.107640522015181,0.120538851232193
"242",242,"2477",0.67326549450789,0.992337186885922,0.098046160674928,0.127300075499625
"243",243,"2478",0.722751199912415,0.999506393449311,0.0975162218313468,0.120452795713831
"244",244,"2479",0.722333719612746,0.999928057316026,0.103170440913497,0.156737470964655
"245",245,"2480",0.999987103355493,0.999989500670952,0.141782291116549,0.149433463865236
"246",246,"2481",0.999839904728422,0.999999878114341,0.16250382447001,0.196689631387153
"247",247,"2482",0.999998696864161,0.999999998406748,0.223346566893319,0.250284569993055
"248",248,"2483",0.999986058803036,0.999999979087944,0.182556604211203,0.216719825702361
"249",249,"2484",0.999774626356435,0.999999501780942,0.153649760568478,0.161986290766312
"250",250,"2485",0.450577188758286,0.715138104916512,0.0879908016435209,0.097308460021612
"251",251,"2486",0.730266300706621,0.964213533931365,0.0971027186358348,0.105946831974295
"252",252,"2487",0.781520169134704,0.989319886449641,0.103631553162406,0.126039189294007
"253",253,"2488",0.917786435442994,0.99592036038434,0.122392633949002,0.159466326191022
"254",254,"2489",0.861357485734866,0.999131758260697,0.111145229265882,0.152141448004256
"255",255,"2500",0.533412330099531,0.413111511843045,0.0904045008460172,0.0885854399271259
"256",256,"2502",0.966926948730144,0.805092149099814,0.121751799609035,0.116774103781385
"257",257,"2505",0.642246797964888,0.598737198327918,0.0979560435671998,0.0970048033477626
"258",258,"2506",0.29281273307463,0.375091711446189,0.0807792825629199,0.0824671523553168
"259",259,"2508",0.324443446469818,0.119756292826587,0.0824542866054075,0.0750420026206024
"260",260,"2515",0.32837626547041,0.0928242200901531,0.0828014566891721,0.0717429833042476
"261",261,"2516",0.286290653148313,0.096123004376085,0.0804706941538953,0.0679967647675777
"262",262,"2517",0.105407696870372,0.0394482441725175,0.0716912244968807,0.0632622570876329
"263",263,"2518",0.0931948092769399,0.047833363398226,0.0718279941090725,0.0642216388385797
"264",264,"2519",0.174979937803005,0.124676686306442,0.0761335820191915,0.0706666828173478
"265",265,"2526",0.730078557821213,0.483688462652334,0.0999660146186312,0.0947302694877295
"266",266,"2527",0.00665459021650672,0.00777557481387459,0.0598973061232487,0.0573813189609927
"267",267,"2528",0.430957533948293,0.376495447712001,0.0872275683954462,0.0856573618244312
"268",268,"2529",0.0375844655448029,0.0373559465018161,0.0676346999191611,0.0636960704143282
"269",269,"2530",0.014796926886125,0.0542642493376266,0.0643663159791322,0.0633600251219069
"270",270,"2533",0.418185115657235,0.0754967466636948,0.0866373680639159,0.0734213324430239
"271",271,"2536",0.135646797197553,0.12186174351147,0.0738121136320238,0.0684146177578087
"272",272,"2537",0.584644847005949,0.366210444832176,0.0945066002773961,0.0864932202565491
"273",273,"2539",0.320637777904085,0.094834586478742,0.0825570579939749,0.070921293471473
"274",274,"2540",0.0203613512250358,0.0108107340744528,0.0669182865036157,0.0609926220626709
"275",275,"2541",0.0045605429174439,0.00594448336273967,0.0603412163318903,0.0542858449068638
"276",276,"2546",0.690914934589466,0.232645681769096,0.100998781586638,0.0831818968944826
"277",277,"2548",0.927309790283072,0.61476329576425,0.123229285525757,0.106751517730604
"278",278,"2549",0.827661250039166,0.479526736209562,0.113413030478818,0.097575447310441
"279",279,"2550",0.998920915170412,0.841704133494554,0.148170740529033,0.127301184849977
"280",280,"2557",0.305470755611843,0.212186638514262,0.0814923865647563,0.0788666137039069
"281",281,"2558",0.223974663737579,0.268175000638654,0.078160660039536,0.0784696789511852
"282",282,"2559",0.910803095483001,0.53947525989921,0.117449347205717,0.102974495708078
"283",283,"2560",0.860566616683814,0.373139379511196,0.0976000688634733,0.0950887411303134
"284",284,"2564",0.878993808011257,0.663093590927694,0.107916905971493,0.10389443018092
"285",285,"2565",0.724956759789097,0.549243542864914,0.0978569976675323,0.0952333543310137
"286",286,"2566",0.189444931585984,0.256468408829282,0.0790122464317917,0.0793761936446257
"287",287,"2567",0.00855578920784072,0.0780666696501119,0.0664601196238284,0.0669723103276999
"288",288,"2570",0.0207138498918473,0.0395392797855951,0.0681156902796676,0.0661650975327651
"289",289,"2572",0.583566992486798,0.369772176858587,0.0949011662699002,0.0875219606407951
"290",290,"2573",0.719422775795357,0.658163882163031,0.102480911528188,0.106059911182488
"291",291,"2575",0.196573234977693,0.121966642992067,0.0771948735616906,0.0732126138132678
"292",292,"2576",0.490156566379679,0.114649805768925,0.0898106648560406,0.0759814606242819
"293",293,"2577",0.223351130329016,0.0193198724636492,0.0779621322650684,0.0680943442373681
"294",294,"2580",0.680601985351776,0.330759257900867,0.0955888645296256,0.0901555485140775
"295",295,"2582",0.290160678889342,0.309115497988435,0.0812610088982835,0.0806636949395058
"296",296,"2590",0.377819725860046,0.917164117381525,0.0847374689017418,0.100131500999228
"297",297,"2594",0.110606150687389,0.0521666614139263,0.0715017013276564,0.0534322100840188
"298",298,"2600",0.648290309295763,0.494529713763923,0.0976972862935267,0.0929815345190858
"299",299,"2601",0.760034001953417,0.475731536302777,0.106066095689977,0.0955096923618705
"300",300,"2602",0.386018878159703,0.253380903699268,0.0858676290947439,0.0828576662622632
"301",301,"2603",0.417408950489868,0.571952877371366,0.0865789327181823,0.0912005709245667
"302",302,"2604",0.944021882081563,0.858219101500939,0.118589909410857,0.119629148284592
"303",303,"2605",0.406648559089524,0.43586244002239,0.0861139975634221,0.0866380739793264
"304",304,"2606",0.84688390673837,0.575265230868836,0.107870106183194,0.101089183249348
"305",305,"2607",0.228575663258981,0.27533449092442,0.0782114167768672,0.0775399453313414
"306",306,"2611",0.181615261043575,0.140439651075044,0.0780575829004303,0.0770443586937412
"307",307,"2612",0.730272344092577,0.579817106593133,0.101629174343697,0.0981623680674238
"308",308,"2614",0.2494524907395,0.112323904729971,0.0802133046433663,0.073099650938929
"309",309,"2615",2.94962401803378e-05,0.0150080426382286,0.0551872716322333,0.0573194137142609
"310",310,"2617",0.0733731542923102,0.0694778978630362,0.0727015299819296,0.0693453446692115
"311",311,"2620",0.581985233714602,0.403327614093282,0.0916010337723649,0.0896595629028357
"312",312,"2621",0.436541870461624,0.404645123135443,0.0874562132401778,0.0860638258504465
"313",313,"2640",0.01575532325346,0.376461750113867,0.0664070813146628,0.0730522647818901
"314",314,"2641",0.211385970662733,0.781938672435398,0.0781993849307418,0.0908037051753211
"315",315,"2646",0.400847057395373,0.366265797822999,0.0858077190672572,0.0836101021519065
"316",316,"2650",0.000114923794850341,0.0810350508432186,0.0574723920823876,0.0613930600943566
"317",317,"2680",0.300674187213607,0.276124155005967,0.0830350178181021,0.0822562504816694
"318",318,"2705",0.773142833193902,0.719920362708211,0.102770176793119,0.100728005889153
"319",319,"2710",0.324443446469818,0.517256653848381,0.0824542866054076,0.0879062225744699
"320",320,"2714",0.771609756043343,0.774560212639268,0.107737063425477,0.109489503109987
"321",321,"2720",0.593712051621384,0.493907528209881,0.0944108072779558,0.092336549791229
"322",322,"2745",0.00318408152721827,0.014376611010726,0.0596324491894048,0.0563560337379057
"323",323,"2747",0.284372828538127,0.616276695197544,0.0835521377291713,0.0864527157130306
"324",324,"2749",0.41410005897831,0.443137339591737,0.0866319997691788,0.0868845192791204
"325",325,"2750",0.0315483881839694,0.125640351646265,0.0713798520066015,0.0718372950720872
"326",326,"2753",0.505965078315346,0.704480630966359,0.0899260116898096,0.093734740260428
"327",327,"2756",0.395060384541387,0.656630257289443,0.0863317831882821,0.0895018251527913
"328",328,"2758",0.711849469144144,0.993576334718498,0.101963075317259,0.124687258612727
"329",329,"2759",0.72568872874374,0.836734538425992,0.0969176347447717,0.102147023677378
"330",330,"2760",0.792434960466095,0.89466844986866,0.0978284605394838,0.101700376886464
"331",331,"2761",0.575915558270074,0.84479950256935,0.091479612180484,0.0962266825586063
"332",332,"2762",0.557864683362088,0.504251877029662,0.0935121549016654,0.0916312852401345
"333",333,"2763",0.310520412523767,0.552026411546583,0.0839550977807063,0.0862790578032452
"334",334,"2765",0.533036152656841,0.748776086480297,0.0911746375340116,0.0948898079456257
"335",335,"2766",0.943462243335685,0.978271000746858,0.113828876404381,0.116812916228816
"336",336,"2767",0.906311129718441,0.896121733361361,0.107106507217544,0.109360510278712
"337",337,"2768",0.0186908475171075,0.21632204222669,0.0668096308665323,0.0709716417612428
"338",338,"2769",0.0852001872819579,0.219995070872245,0.0714899542253702,0.073749968688545
"339",339,"2770",0.99999999999998,0.996640318748258,0.15314820781548,0.151151141558769
"340",340,"2773",0.574996195808986,0.379359488554939,0.094432142998016,0.0874732170144962
"341",341,"2774",0.245173447240067,0.259268443590139,0.0792882207870513,0.0780320228396387
"342",342,"2777",0.29810095158838,0.478243603697631,0.0819802422304086,0.0852347327844093
"343",343,"2779",0.909071825011791,0.982711895745343,0.119732520974685,0.155600058295432
"344",344,"2780",0.99994127389339,0.999924740226837,0.169045353370668,0.189756765250188
"345",345,"2782",0.952187431362501,0.998562619829241,0.128417893663274,0.171436049259729
"346",346,"2785",0.725491294483939,0.986030039006576,0.103951497882814,0.136282385917658
"347",347,"2790",0.815336693083467,0.834387906729113,0.105018257151996,0.110658975129869
"348",348,"2794",0.336438269364022,0.279238065829916,0.0830684960694717,0.0759675849930037
"349",349,"2795",0.0215859113546473,0.10131737218812,0.0687618854561236,0.0684212158927372
"350",350,"2800",0.00488563012740162,0.0455001377044518,0.0655953686385903,0.0643753643575183
"351",351,"2820",0.570883285016432,0.33806768227468,0.0933196484002085,0.0866555263925269
"352",352,"2825",0.795584041092783,0.352886305689709,0.109187578715236,0.0927521989428097
"353",353,"2830",0.893267243806283,0.724191038605894,0.102173236091779,0.102647305388698
"354",354,"2835",0.933543184905616,0.641240323604943,0.121561247912596,0.106942001852306
"355",355,"2850",0.151290310643514,0.107027059922969,0.0754649932066407,0.071110265698606
"356",356,"2870",0.0478313624588371,0.0194058463275987,0.0665538739616985,0.0474800240013837
"357",357,"2880",0.115948680370847,0.0911874888860617,0.0734996656983099,0.063253564029474
"358",358,"2902",0.189965458300027,0.190993815181987,0.077364716826602,0.0745922110064353
"359",359,"2903",0.472681032010646,0.305363884643109,0.0889319306558792,0.0833166099944066
"360",360,"2905",0.0421040352191091,0.0572600824060145,0.0702121269708684,0.0664959436025296
"361",361,"2906",0.125290359293804,0.0884730591109449,0.0745963934335837,0.0676361668791046
"362",362,"2913",0.0374266296455191,0.0243028923032246,0.0709787198338631,0.0653813100688985
"363",363,"2914",0.00533545597407969,0.01446412091713,0.0639007351198093,0.0582079827717401
"364",364,"3000",0.999190069768251,0.979989850003621,0.150540159755796,0.143338350441891
"365",365,"3004",0.905107994674742,0.875865632679946,0.119063380409322,0.113409548425776
"366",366,"3006",0.732116517991882,0.828482879768838,0.101111562210438,0.105331780820991
"367",367,"3008",0.468441142486197,0.713239015581776,0.0889397062552128,0.0975299570268304
"368",368,"3011",0.896139170091451,0.597469690767028,0.106209032548103,0.101587775428569
"369",369,"3012",0.938909321471531,0.570309864446559,0.107768290570727,0.102445483185459
"370",370,"3013",0.0676003653552475,0.142777362193868,0.070586742915013,0.0707240752657322
"371",371,"3015",0.00431155158719643,0.0466914062892655,0.0582361965204625,0.0610331626435466
"372",372,"3016",0.308236508054247,0.12604635246417,0.0820325456465254,0.0741975419846779
"373",373,"3018",0.0884965913940583,0.0849010618364935,0.0696131609406508,0.0664516134456824
"374",374,"3019",0.468093362834004,0.565013785760211,0.0887019230798769,0.0913367277113533
"375",375,"3020",0.986035792317195,0.874648204118113,0.112712815197195,0.11088986214946
"376",376,"3021",0.999054998514777,0.94249594432275,0.12085858003228,0.119521750121115
"377",377,"3022",0.781647943857924,0.821143536685715,0.107910011212797,0.11453669039308
"378",378,"3023",0.393367046153001,0.7081545247479,0.0868819973621489,0.0889494905820525
"379",379,"3024",0.584830615724396,0.669192208080226,0.0915470998495597,0.0930329923411374
"380",380,"3025",0.569974821767388,0.221213054523009,0.0924463715533983,0.084350736971013
"381",381,"3027",0.31197444350817,0.342215224389704,0.0823684512680462,0.082238749303856
"382",382,"3028",0.270096734121498,0.227992094451977,0.0821792331695522,0.0799935158453333
"383",383,"3029",0.780864194335521,0.589127616914209,0.0940467827902717,0.0938945818118997
"384",384,"3030",0.711992280342583,0.51647688858565,0.0924708064349507,0.0920874271809484
"385",385,"3031",0.0748249811486541,0.265871960489203,0.0717644497094688,0.07456649729926
"386",386,"3032",0.794542395896895,0.522515107176484,0.0992769732124882,0.0960829509826932
"387",387,"3033",0.545679886325753,0.720121061785533,0.0917703054667092,0.0952663015788407
"388",388,"3034",0.316706918829904,0.5121361766235,0.082206636550801,0.0864968293100936
"389",389,"3036",0.745188627260975,0.819964826744106,0.104882302965508,0.107282709737243
"390",390,"3037",0.589642858273222,0.746335137703418,0.0913111644115038,0.0937349498375564
"391",391,"3038",0.667742415619115,0.782372964365888,0.0956419469765799,0.100066921912697
"392",392,"3039",0.219992594955448,0.287864146128011,0.0782930251461277,0.0787833622459788
"393",393,"3040",0.432643806697677,0.392777450411444,0.0872581269175707,0.0865329711588119
"394",394,"3041",0.227117391680179,0.37273932557225,0.0777842066992783,0.0813123587211317
"395",395,"3042",0.602788390477238,0.633602566354584,0.0937872110668002,0.0947355494925147
"396",396,"3043",0.603746960882512,0.728660155787688,0.0934606955917905,0.0961748913753807
"397",397,"3044",0.0107159740929769,0.132525794463376,0.0624036323794526,0.0667997766430343
"398",398,"3046",0.891444088587256,0.73723899501728,0.103106644627357,0.101899459293573
"399",399,"3047",0.998086625512397,0.964352323143305,0.128097131494537,0.125868513964889
"400",400,"3048",0.973181329033651,0.923847622533243,0.115890726256131,0.116048815229362
"401",401,"3049",0.50582575483297,0.776093667604164,0.0905267467509098,0.0990571441015298
"402",402,"3051",0.284839782339931,0.628451192772681,0.0809169932700785,0.0894486365377863
"403",403,"3053",0.891816318091664,0.913195922764432,0.114716919591197,0.120868099465373
"404",404,"3055",0.602568717449407,0.342377380898727,0.093882434690694,0.0886427841923122
"405",405,"3056",0.115561100550502,0.196450811993464,0.07386235937987,0.0740982021973101
"406",406,"3057",0.443946521652961,0.412649448958404,0.0877457285077354,0.0867996338722372
"407",407,"3058",0.121818882581109,0.307537333719709,0.0763443775032802,0.0787611273901485
"408",408,"3059",0.499509159310485,0.692162514784472,0.0899734175843789,0.0957746209026026
"409",409,"3060",0.96497817765896,0.87739336277633,0.116907071656967,0.114305729958666
"410",410,"3061",0.859655575210909,0.851702916615546,0.11286095184723,0.111780371127493
"411",411,"3064",0.802083934223391,0.62630001910884,0.0953843600259257,0.0951626307130203
"412",412,"3065",0.724070232826032,0.757406699851414,0.0996393205034615,0.102844403165077
"413",413,"3066",0.563266951912653,0.620269430781689,0.0929628887265995,0.0954124377762376
"414",414,"3067",0.836577937575142,0.643961312996488,0.111784267328411,0.103013924003711
"415",415,"3068",0.146656637914224,0.449565643021692,0.0750383866580792,0.0808759018033803
"416",416,"3070",0.885269465683744,0.693296635898896,0.106591589456615,0.103617164919186
"417",417,"3071",0.610237392629707,0.546505598354164,0.0935518514681925,0.0926577983474414
"418",418,"3072",0.923164384757043,0.646538376004492,0.106797349167092,0.102976830074536
"419",419,"3073",0.18630162566438,0.32084334841671,0.0805769408634132,0.0812697421951103
"420",420,"3074",0.50630796717422,0.411072027422488,0.0898152065277189,0.0881151187391743
"421",421,"3075",0.520802411903003,0.304174874295144,0.0901492321599276,0.0866165890113986
"422",422,"3076",0.222038021083009,0.115510560261185,0.0815369509569266,0.0781365186675644
"423",423,"3078",0.555651412669613,0.537980302336282,0.0926095185912852,0.0919790452525925
"424",424,"3079",0.398210207308522,0.418536520639872,0.0858702117370971,0.0862307677601337
"425",425,"3081",0.459613234770425,0.369433149153579,0.0882103610415907,0.0864814767238393
"426",426,"3082",0.0581942581787003,0.0534069440300017,0.0702177424008981,0.0676341381188233
"427",427,"3083",0.0420547736929257,0.0631385561408082,0.0683964753972906,0.0682681964490682
"428",428,"3084",0.445822468715699,0.343157881968173,0.0877352095273057,0.0859012225881997
"429",429,"3085",0.250270006044702,0.138556776702644,0.0799044130867008,0.0765543154208514
"430",430,"3087",0.255935056303088,0.13483495829379,0.0794884001465629,0.0736570875072211
"431",431,"3088",0.311693600318169,0.137936556098522,0.0833520396386164,0.079219800985157
"432",432,"3089",0.381190470105938,0.285733596661593,0.0851628371677426,0.0819150556186513
"433",433,"3094",0.403504815875892,0.2223723456611,0.0859961080997747,0.0798978556456037
"434",434,"3095",0.229194143222404,0.19263664398478,0.0800129790661843,0.0782676712281938
"435",435,"3099",0.82859971541512,0.495189392345495,0.112566210380332,0.0984953802411967
"436",436,"3101",0.350864579027392,0.362131207076898,0.0842168931249694,0.0839303006698907
"437",437,"3103",0.439926364562396,0.301321131121863,0.0875532017925968,0.0836349441737545
"438",438,"3104",0.787163810846266,0.476627669203375,0.104016428118978,0.0959902723442464
"439",439,"3105",0.298323367780525,0.343935595971354,0.0812827129465347,0.0821980428097763
"440",440,"3106",0.244744571891159,0.264879797613283,0.0789713865796025,0.079142683267414
"441",441,"3107",0.672048773788154,0.459607607140195,0.0977584553374585,0.0926587575815967
"442",442,"3108",0.710367446582302,0.415942007993273,0.0987155156666665,0.0925621204935504
"443",443,"3109",0.41410005897831,0.269075164516831,0.086631999769179,0.0838478164780696
"444",444,"3111",0.447349181083726,0.266741014236723,0.0878731611316966,0.0834664342470604
"445",445,"3113",0.782908558416265,0.445231991555632,0.106206597819356,0.0951026699674221
"446",446,"3116",0.310278492702171,0.202633287325322,0.0819243092948519,0.0773315883575627
"447",447,"3121",0.227317637519092,0.38325992183748,0.0803849113284046,0.0821249178447634
"448",448,"3122",0.225714368077527,0.238205641333639,0.0791021512528397,0.0783291450021386
"449",449,"3124",0.205720703633452,0.136041275749136,0.0776295958774376,0.0734512915770515
"450",450,"3125",0.341457773190193,0.19280710454011,0.0833602108713257,0.0801530509582212
"451",451,"3127",0.310727573248545,0.196234920412566,0.0824019243295282,0.0790668779246731
"452",452,"3128",0.82724827306247,0.423937553206843,0.104166702587215,0.0959008908526136
"453",453,"3129",0.0396930699742057,0.130381048412276,0.0659199684979251,0.0697188420953543
"454",454,"3130",0.0975016408877066,0.149828605589355,0.0739693259298949,0.0745657363363158
"455",455,"3131",0.121525363856582,0.168288467551899,0.0747225722395244,0.0747352314291688
"456",456,"3132",0.131114537699103,0.179902192280309,0.0743776398147429,0.0743468290303031
"457",457,"3133",0.21516173220298,0.337953409263078,0.0780703466854785,0.0806431288780849
"458",458,"3134",0.704578295327625,0.440786474737995,0.0957805990241271,0.0927609778817812
"459",459,"3135",0.238264055421373,0.34365242052531,0.0802723986160528,0.0814276224842928
"460",460,"3136",0.845706067375352,0.39012828835418,0.0996090742209864,0.0955053001705815
"461",461,"3137",0.027772031939465,0.155798646490504,0.0631446083445479,0.0686155504766396
"462",462,"3138",0.0172886400980581,0.0750705027743737,0.0638461790391288,0.0653803883715987
"463",463,"3139",0.161648934177989,0.501135205449806,0.0752504504472088,0.0823741791944011
"464",464,"3140",0.23508999203325,0.203343705653285,0.0791172614179041,0.0773526830962525
"465",465,"3141",0.424687741601862,0.478241698338345,0.0869299331055613,0.0879023045014485
"466",466,"3142",0.432490247207313,0.329353215207699,0.087290881296618,0.0843967888809002
"467",467,"3143",0.311224535940075,0.33150440832527,0.0818631919155993,0.0818836744222967
"468",468,"3144",0.279859733282268,0.212229270750417,0.0801651271021217,0.0784023521057347
"469",469,"3145",0.221193972333723,0.199415091857718,0.0790332225154951,0.0786182974713489
"470",470,"3146",0.0437584273336472,0.0730085969221037,0.0670234988067842,0.0672828882771386
"471",471,"3147",0.289429456997884,0.220772301571789,0.0813364693240255,0.0792122234697811
"472",472,"3148",0.487578177356592,0.397646399572127,0.089573425172066,0.0872294069742904
"473",473,"3149",0.529753231260776,0.549992934667384,0.0905041326337098,0.0908814400413538
"474",474,"3150",0.997268610800992,0.902568650564769,0.123227766902128,0.119340114218161
"475",475,"3151",0.753164014021873,0.498667388656746,0.103521244831783,0.0956252717210841
"476",476,"3152",0.88424491064836,0.688254641891523,0.105441043837784,0.10214894158658
"477",477,"3153",0.352821649367305,0.373046724618167,0.0845998342642198,0.0845527883242312
"478",478,"3154",0.780178295442948,0.636500502234263,0.106528186004708,0.103192555956197
"479",479,"3155",0.795785935641418,0.63947119049481,0.100882734632153,0.0986573192281631
"480",480,"3156",0.373739371998931,0.677111803388921,0.0856093632545581,0.0894773822833479
"481",481,"3158",0.542398758697321,0.770106300857226,0.0925297877417482,0.101764523626629
"482",482,"3160",0.87532313437651,0.912395059330712,0.112096012770794,0.118924778002646
"483",483,"3161",0.95164825225038,0.617135929356878,0.116955558867966,0.106416474470828
"484",484,"3162",0.219992594955448,0.213711639220141,0.0782930251461277,0.0779506481718672
"485",485,"3163",0.440049639688291,0.234295422314451,0.0875739955022349,0.0840629788348408
"486",486,"3165",0.00479042230534277,0.064415232469784,0.0588989332050657,0.0624713043485771
"487",487,"3166",0.853657334176808,0.568837447780309,0.103625386846811,0.0990542717235926
"488",488,"3167",0.564202496853503,0.593107092592937,0.0928799504844592,0.0938485639302187
"489",489,"3168",0.997114347946271,0.951340440908605,0.135268431374769,0.127741691096325
"490",490,"3169",0.579062223480661,0.792067942975944,0.092509336856902,0.0980883197124952
"491",491,"3170",0.203872912973495,0.756506436847942,0.0784119816676663,0.0879239101512873
"492",492,"3171",0.994712152638276,0.966684144622779,0.126624673185963,0.125747981105675
"493",493,"3172",0.724956759789097,0.800552913383821,0.0978569976675324,0.100156847538446
"494",494,"3173",0.323157564097997,0.63131896728887,0.0836872599283978,0.0883634879989173
"495",495,"3174",0.995863221346931,0.948849271884839,0.118734897485681,0.118457280484037
"496",496,"3175",0.999890796235074,0.937997990363789,0.125194049240015,0.121211242444522
"497",497,"3177",0.906665289163938,0.909383962358115,0.1118563862906,0.115777062643011
"498",498,"3178",0.204047276240596,0.5824870873721,0.0794971884011233,0.0845611154559439
"499",499,"3180",0.576498183131388,0.634662126847071,0.0940863927566986,0.0958353201595783
"500",500,"3181",0.249452490739499,0.491500386506203,0.0802133046433664,0.0843644592527747
"501",501,"3182",0.88009480964364,0.838030204600813,0.109010062769425,0.108707251190003
"502",502,"3183",0.931598619501734,0.784576494406559,0.111120519712319,0.108119480041046
"503",503,"3184",0.530465304604264,0.621732252543803,0.0908960809621063,0.0932162045322516
"504",504,"3185",0.107540013411753,0.339305725140042,0.0712940661617942,0.0773443733565004
"505",505,"3186",0.820585227720232,0.615321870322422,0.103485936724671,0.0999244277567274
"506",506,"3187",0.609026597984455,0.385988313644609,0.0943976859106238,0.0895377682232728
"507",507,"3188",0.589691786686986,0.385847404058527,0.0932453617360085,0.0891705167335132
"508",508,"3189",0.32676069210135,0.166162506652907,0.0823693384744489,0.0770819073508739
"509",509,"3190",0.355211392226336,0.25825445432546,0.084120214071295,0.0809216210779456
"510",510,"3191",0.47161598586997,0.321692385306784,0.0890280027130403,0.0844048405338604
"511",511,"3192",0.261840886733534,0.23429212310842,0.0810918119483206,0.0795250199909566
"512",512,"3193",0.407992193879726,0.335676850563445,0.0862376182150768,0.0837591918053749
"513",513,"3194",0.499509159310485,0.457998749425469,0.0899734175843791,0.0889655000250582
"514",514,"3195",0.289394054812932,0.520036181439626,0.0829246545459989,0.0855915941824559
"515",515,"3196",0.25298139102572,0.480833990801367,0.0812481276762083,0.0842706399160423
"516",516,"3197",0.729912601071859,0.707741783667299,0.100697792433127,0.100820010286316
"517",517,"3198",0.802787603644291,0.7090928293622,0.102374356375657,0.101598709041876
"518",518,"3199",0.943972205865737,0.737495323571187,0.105562846804516,0.10428746415389
"519",519,"3200",0.432653222358755,0.462092628434214,0.0872610214846669,0.087831937521333
"520",520,"3201",0.255747703520017,0.45584815213942,0.0814916894780369,0.0839231314199218
"521",521,"3204",0.0635398576597213,0.0932662351043548,0.0710768491369247,0.0705103956832462
"522",522,"3205",0.650515520703917,0.745538579108235,0.0964795409404516,0.100203000282441
"523",523,"3206",0.809028879101189,0.805336655233055,0.105591410768548,0.107005829373549
"524",524,"3207",0.119134430310124,0.409016225400736,0.0732753462713552,0.0791242582791854
"525",525,"3212",0.0424428810568367,0.17752020083631,0.0668707449415205,0.0689084228028048
"526",526,"3214",0.938357786485785,0.709493169422096,0.110629135040608,0.107674368851327
"527",527,"3215",0.507649961454901,0.465545809023421,0.0899540528088562,0.0892459944108123
"528",528,"3216",0.00503962428347227,0.126977253056442,0.0658267453337347,0.0671497485324991
"529",529,"3218",0.22489704672478,0.285240900957019,0.0785172626047848,0.0780200901165706
"530",530,"3219",0.910363608480132,0.664860269517961,0.108936106070422,0.105329558562705
"531",531,"3220",0.568435316614326,0.412472269337804,0.0925493551407998,0.0891751044468997
"532",532,"3222",0.436029609941323,0.704702680055563,0.087376991817119,0.0932607544311592
"533",533,"3224",0.0781731832838072,0.3471421149268,0.0691052638214771,0.0758355790253419
"534",534,"3226",0.141190499027769,0.495615325253638,0.0739056959841254,0.0818879515468306
"535",535,"3228",0.559583862270302,0.396404536418846,0.0918361335344478,0.0882754720684449
"536",536,"3250",0.149171263813286,0.080070521969028,0.0738899699000012,0.057403389082491
"537",537,"3280",0.0126457217979197,0.0141016808281554,0.0638094689892668,0.0521324652253646
"538",538,"3300",0.343160146613853,0.287484996513901,0.0833608621899249,0.0765802270728468
"539",539,"3305",0.193737787828542,0.125561991980599,0.0765070273890825,0.0633064145593194
"540",540,"3337",0.302277888373979,0.555634459467116,0.0839864656412105,0.0864051251617222
"541",541,"3338",0.934473534824964,0.827119148947688,0.108757392517151,0.108850430999686
"542",542,"3340",0.756389441520846,0.742012954179319,0.0994815368520139,0.100669004408768
"543",543,"3350",0.39992817862167,0.459404796564342,0.0867548332495579,0.0870808914256033
"544",544,"3352",0.165651037246434,0.302193479186395,0.0754615739097217,0.0789879490530215
"545",545,"3355",0.531602959670274,0.474954968952201,0.0911839474832459,0.0900119414859112
"546",546,"3356",0.664285929892411,0.578032234813336,0.0959424026813183,0.0948965387331472
"547",547,"3357",0.6887721182054,0.621898643027536,0.100449506937885,0.0982819044546574
"548",548,"3400",0.0259116546922851,0.00627212380751418,0.0628282436228807,0.0390394490922958
"549",549,"3429",0.185022878470529,0.363156115573642,0.0795921404632686,0.0807733752654412
"550",550,"3437",0.351799162776687,0.660646434208695,0.0836696319983138,0.0915980520635535
"551",551,"3440",0.920610860638971,0.904961428822721,0.125560591501664,0.134676758269504
"552",552,"3442",0.340943949301717,0.781059664222605,0.0830283552449359,0.0986144831610412
"553",553,"3444",0.995525002200579,0.952128057841318,0.144613688243385,0.143740739269031
"554",554,"3450",0.93748559484051,0.640131265641598,0.123373006886969,0.10730300527251
"555",555,"3451",0.804308048549149,0.353988266697986,0.109281545936741,0.0930969398562646
"556",556,"3500",0.982417948906068,0.755827189179118,0.115664979263565,0.110593086832776
"557",557,"3501",0.694361427229231,0.240485217337603,0.100427094361875,0.0878469081198059
"558",558,"3550",0.401946949697351,0.19435424547986,0.0865421196074202,0.0821295601545585
"559",559,"3551",0.0742151404902557,0.184448802181566,0.0729164496736572,0.0734207959865245
"560",560,"3555",0.371420044750103,0.258383285571781,0.0851956160786319,0.0814376260875726
"561",561,"3556",0.0355862301176572,0.0554265082561091,0.064697133435236,0.0610003500995705
"562",562,"3564",0.785427454871823,0.649876847243554,0.101988356112244,0.101531268156247
"563",563,"3585",0.642109038078305,0.651939352638685,0.0956130966549203,0.101079942673943
"564",564,"3616",0.44866833305608,0.37244348349623,0.0880579102565967,0.0851726407208224
"565",565,"3620",0.479534730893254,0.435776970494906,0.0893924744096214,0.0880536304633071
"566",566,"3629",0.751172642246158,0.49457237362685,0.102293409912638,0.0954550943757868
"567",567,"3630",0.718658629157171,0.517525350574246,0.0958773457824623,0.0941347930948783
"568",568,"3631",0.222602791504833,0.293291277868029,0.0777480425192437,0.0790527835194229
"569",569,"3644",0.416542696261322,0.529883746634791,0.0865410287730874,0.0897045661297288
"570",570,"3660",0.626296887876924,0.589397885586243,0.0973420922352416,0.0989714242541088
"571",571,"3666",0.73338207013473,0.591050085850319,0.104557620866799,0.100079840845152
"572",572,"3677",0.0935134755746316,0.0554777020863536,0.0711272836417688,0.0566326858811275
"573",573,"3690",0.0140046728956463,0.28758320195773,0.065798337464841,0.0710572220608229
"574",574,"3730",0.326760692101351,0.336895824394218,0.0823693384744489,0.0819170048671708
"575",575,"3750",0.172655318369119,0.108863855220719,0.075625933950033,0.0728031782229712
"576",576,"3752",0.0347139290702456,0.0366554861129946,0.0688254395823908,0.0660246751354439
"577",577,"3754",0.0147189906440468,0.065678122284221,0.0699335416363483,0.0686450400141507
"578",578,"3756",0.622715669162042,0.582573953201395,0.0950136443564785,0.0953861508079148
"579",579,"3757",0.319796006796797,0.452883911307511,0.0820448688249473,0.0853787884295331
"580",580,"3764",0.723498897685194,0.786781056892858,0.101205639185767,0.117894475402978
"581",581,"3765",0.670036830320006,0.323398548474859,0.0986467360784966,0.0884198113578696
"582",582,"3777",0.660193619419401,0.634906511536342,0.0975825875726404,0.0982564837333044
"583",583,"3781",0.592134990612994,0.7764859013841,0.0953763877586397,0.110859007313987
"584",584,"3782",0.553320397809408,0.917848708535644,0.0927650207050666,0.108028056506734
"585",585,"3793",0.981260061064037,0.991532889808902,0.140606921523058,0.178669991208311
"586",586,"3796",0.565103318141038,0.414563277686627,0.0928035016057156,0.0890392088902408
"587",587,"3797",0.737645011497791,0.734519137393498,0.104303380641708,0.108658342071904
"588",588,"3799",0.734370249688246,0.728034967636371,0.103537448343977,0.105929766933664
"589",589,"3802",0.956131194291794,0.915972798628066,0.112801489371458,0.112718197930374
"590",590,"3803",0.557788436063476,0.823217898551183,0.0924782379148147,0.0992130215990293
"591",591,"3804",0.777388792699646,0.887616799789265,0.106885783076917,0.108962885999707
"592",592,"3805",0.0455086949894442,0.474346384296219,0.0744869840715211,0.0779860425144888
"593",593,"3806",0.795670963526897,0.718620272739603,0.097689960162072,0.0983237381743108
"594",594,"3810",0.766576740842147,0.666560790683272,0.0955326372413729,0.0963384036903566
"595",595,"3818",0.0884772169026451,0.385198663387338,0.0707629855629249,0.0777216970806473
"596",596,"3820",0.22489704672478,0.610290774337215,0.0785172626047849,0.0861123701704473
"597",597,"3825",0.0423852575517288,0.066180061012255,0.0665634939870026,0.0665068310703636
"598",598,"3840",0.318097852767494,0.113152928670606,0.0829203653446672,0.0753098248523383
"599",599,"3844",0.0343583448775744,0.0362504345429121,0.0691647285067407,0.0654330287138222
"600",600,"3850",0.582029703969731,0.585813669736697,0.0931169586448009,0.0966712610839326
"601",601,"3858",0.847057024619902,0.891556321916731,0.114732256004672,0.119198166510322
"602",602,"3862",0.800501844616105,0.955274666317521,0.110476486449742,0.127812136709687
"603",603,"3875",0.591857075285671,0.824442185473984,0.0929254351072595,0.101795250672067
"604",604,"3909",0.896380511405015,0.966987697137725,0.116829055813145,0.166628012442479
"605",605,"3910",0.00618864718290224,0.134037524698596,0.0596719676514732,0.0651810184760616
"606",606,"3912",0.245170968337556,0.245465403661681,0.0796863753404513,0.0776739273465869
"607",607,"3915",0.699224432765624,0.686048174910753,0.0992145101151623,0.102156237431363
"608",608,"3922",0.833062880979974,0.921898769789017,0.110055744289014,0.147394215136722
"609",609,"3930",0.803671679708706,0.746222233782156,0.105192237078842,0.106842775254364
"610",610,"3931",0.335535349283675,0.48004281266014,0.0837580125770692,0.0861859106815838
"611",611,"3934",0.352959028864489,0.522927946763723,0.0842449826047806,0.0876663761049473
"612",612,"3936",0.702835104568926,0.689285280781989,0.0999610440089163,0.103049928563297
"613",613,"3939",0.154800651634179,0.0721092893858601,0.0744464023594611,0.0715040879002821
"614",614,"3941",0.974030053449866,0.925948204103723,0.12626977953391,0.121019993499247
"615",615,"3975",0.17441642450881,0.463031332311962,0.0777423674230441,0.0819776676487668
"616",616,"3976",0.97742358725438,0.861654575572484,0.115099547148394,0.112707114167546
"617",617,"3977",0.763353966125206,0.588094217912291,0.0939563635608889,0.0936127022771642
"618",618,"3978",0.571663480199061,0.609376765757134,0.093221770152239,0.0956023537162957
"619",619,"3995",0.428878194354284,0.282891693102868,0.0870837280539318,0.083445283296269
"620",620,"3996",0.818667845704284,0.712414507298878,0.109958416543978,0.103931441266658
"621",621,"4000",0.848008602162738,0.664740839769378,0.109293736198063,0.104634123533045
"622",622,"4005",0.845075644872762,0.720384357778476,0.106970781877226,0.107896132642163
"623",623,"4006",0.3608320976367,0.269875306498389,0.084010341580374,0.0812212527434905
"624",624,"4007",0.497977736867001,0.31109264450177,0.0901669029898818,0.0826320837244846
"625",625,"4011",0.387816849437968,0.123162486590998,0.0854284556675126,0.0757100093890008
"626",626,"4012",0.125257830739631,0.0118095489546224,0.0750844042623739,0.0675510577927541
"627",627,"4014",0.132352425851919,0.0275087639548622,0.0731472588758517,0.0639799494487218
"628",628,"4017",0.21863540215107,0.0342170360785564,0.0808019774910151,0.0737870773696308
"629",629,"4018",0.0892183365326947,0.0315546276841866,0.070550421675191,0.0618850432583513
"630",630,"4019",0.848623900694051,0.758741749485955,0.104932336342117,0.10746221011918
"631",631,"4020",0.463539453836862,0.492154984185922,0.0883581018205842,0.0891128209253879
"632",632,"4022",0.368100944992078,0.274477685049778,0.0843392604372366,0.080527557705421
"633",633,"4030",0.0785000276199705,0.0264470720108273,0.0702668836900236,0.0655458344859436
"634",634,"4031",0.174979937803005,0.0163527347840938,0.0761335820191915,0.0666765922454234
"635",635,"4032",0.0755349431472838,0.0109529829312296,0.0691929932931314,0.0611925119382567
"636",636,"4034",0.0637667264836923,0.00600045386211956,0.0740982550207501,0.0686314374329541
"637",637,"4035",0.356745096325248,0.0447827102151234,0.0844354558475069,0.0737343611029772
"638",638,"4051",0.0465640072469097,0.0215127070360992,0.070123506742386,0.0678304303927103
"639",639,"4053",0.013701430473993,0.00458033032575611,0.0685968461821956,0.0651643782660737
"640",640,"4054",0.15899841580645,0.0395929453133073,0.0753097621475521,0.0682802650499343
"641",641,"4055",0.0365415035129295,0.0214877695027736,0.0669920439808504,0.0640589344542018
"642",642,"4059",0.36158341651798,0.292711541033515,0.0842162350648774,0.0823733040469439
"643",643,"4060",0.209032359097385,0.156993001252121,0.0774486522648527,0.0753216122912912
"644",644,"4061",0.566817702222721,0.133025579079631,0.0926672279607486,0.0826511539908257
"645",645,"4064",0.935482406028644,0.714374395639355,0.118180707459917,0.109986240518001
"646",646,"4065",0.285332892591816,0.315755705589814,0.0808188807911895,0.0809484336372932
"647",647,"4066",0.834522810489483,0.437506331359789,0.106470846380187,0.0965766860975968
"648",648,"4068",0.344958474682272,0.219206452849735,0.0838288934535562,0.0796914261340248
"649",649,"4069",0.328346634772792,0.212077253905502,0.0837144611990499,0.0812271559941961
"650",650,"4070",0.238797658641013,0.268498290078576,0.0785291057315219,0.0782299373739842
"651",651,"4073",0.285332892591816,0.0566410677725496,0.0808188807911895,0.0690048956333493
"652",652,"4074",0.00790281427290618,0.0138031824877844,0.0613983175639554,0.0562179257763706
"653",653,"4075",0.0459608346192472,0.0339620065421345,0.068585958767389,0.0666439221878246
"654",654,"4076",0.624766762572997,0.0659590163599321,0.0964019885762514,0.0780421585115589
"655",655,"4077",0.0685183246905866,0.0617002687035557,0.0736209151179629,0.0709860570905914
"656",656,"4078",0.200040097510018,0.0926746417541626,0.0795195517648535,0.0758241565521987
"657",657,"4101",0.707292482997132,0.589041743511271,0.0989602008573761,0.0977557017581298
"658",658,"4102",0.918468749263176,0.482031677351966,0.119543322217887,0.101537371905892
"659",659,"4103",0.271859112652777,0.15831000819584,0.0807030309652002,0.076295433735896
"660",660,"4105",0.487100091291437,0.165387891313874,0.0893101335091611,0.0804585518373607
"661",661,"4108",0.752738058029779,0.576595286278632,0.104390034476518,0.099660983764817
"662",662,"4109",0.690398897861856,0.357861870008561,0.0952014120870299,0.0912552880215565
"663",663,"4110",0.687043669419972,0.201759147227704,0.0977315663281193,0.0876272173245515
"664",664,"4112",0.888147523249662,0.757523512822317,0.112471583605235,0.108360643426938
"665",665,"4113",0.860795352146942,0.510167331284423,0.102395533562142,0.0980705388349751
"666",666,"4114",0.998992796764354,0.809921513176581,0.122211942870146,0.117393652806684
"667",667,"4115",0.0516906922572485,0.115045281179458,0.0689319368833404,0.0696151426188079
"668",668,"4116",0.386002750496407,0.344496701905444,0.0859551797937272,0.0850206885160601
"669",669,"4118",0.0976006854756879,0.153990410432764,0.0756334698030929,0.075560966539498
"670",670,"4119",0.747461568248925,0.586559096384859,0.102387490708145,0.0978569677240213
"671",671,"4120",0.447349181083726,0.18396582307048,0.0878731611316965,0.0797124322718541
"672",672,"4121",0.0456837175687083,0.0296676834023469,0.069845097009226,0.067193349012967
"673",673,"4122",0.00501634911681115,0.0329117671423332,0.0644936324259723,0.0645050691449613
"674",674,"4123",0.0935246674157563,0.147031366000316,0.0722841327226012,0.0724207379885347
"675",675,"4124",0.152180129720216,0.125206985235792,0.0763118084277111,0.0756644091180348
"676",676,"4125",0.676761579434443,0.352296716391534,0.100502363107587,0.0896340682884005
"677",677,"4127",0.160267449931062,0.166777577081882,0.0780974123723898,0.0774973176972982
"678",678,"4128",0.0909666873266678,0.128839557050902,0.0709445637844943,0.0712819551347655
"679",679,"4129",0.525247099136304,0.37259139057421,0.0912289019323274,0.0870127732350732
"680",680,"4130",0.609038535678609,0.329275326214084,0.0957968133159126,0.0873262596670751
"681",681,"4131",0.668891319190221,0.42740363535804,0.0970212572779783,0.091775875728813
"682",682,"4132",0.755405719284748,0.51604374765035,0.096884656578099,0.0948077117589226
"683",683,"4133",0.0165593558628226,0.175330206486851,0.0633819112195594,0.0689532008402682
"684",684,"4151",0.0324909781645456,0.0446388869242316,0.0646132617148488,0.0647169767208503
"685",685,"4152",0.0156479406585512,0.014550509804222,0.0678261570484413,0.0650335827869889
"686",686,"4154",0.0594578371135727,0.0276381436313465,0.0674342784070198,0.0627418963214586
"687",687,"4157",0.315132741899964,0.0641611384169537,0.0829452004374985,0.075488101162684
"688",688,"4159",0.314402691988622,0.0711305036497503,0.0822937689777141,0.0723710017918416
"689",689,"4160",0.240051320227334,0.10115382516543,0.0791995072671369,0.0718526778423891
"690",690,"4161",0.1253327304911,0.059992949179189,0.0736448386459196,0.068982712873843
"691",691,"4163",0.53121066283404,0.187859141871582,0.0915975882222051,0.0801156505353907
"692",692,"4164",0.504714753087515,0.147483557653428,0.0902529640749106,0.0795768049253235
"693",693,"4165",0.00826075299961648,0.0490662888214045,0.0636521526325963,0.0649673381470593
"694",694,"4169",0.687204372086514,0.382309296800314,0.0988014789451371,0.0908350790675993
"695",695,"4170",0.118353374310233,0.0561591549595855,0.0754357173791795,0.0718586792652332
"696",696,"4171",0.411640587323059,0.263069642645068,0.0864649837460285,0.0809686567337109
"697",697,"4172",0.592467232226225,0.225564696657869,0.0951421770966293,0.0812889797594891
"698",698,"4173",0.1063355303308,0.0275906439005736,0.0706124453333815,0.0652408843616124
"699",699,"4178",0.18222603455295,0.103813493269004,0.0784174718537608,0.0730550858454411
"700",700,"4179",0.531817694657201,0.137309205863593,0.0908964948792499,0.0802800363555235
"701",701,"4184",0.818667845704284,0.930584927843822,0.109958416543978,0.158270561638082
"702",702,"4207",0.83269125836703,0.513781127731766,0.0980392218992316,0.0959780600857263
"703",703,"4208",0.56969866867258,0.556700191290923,0.0919288956143041,0.0920888668694113
"704",704,"4209",0.209517615115523,0.414929101802838,0.0820683473154925,0.0829866889996391
"705",705,"4210",0.762970821911123,0.785780319442473,0.0995055773757675,0.100613609242858
"706",706,"4211",0.146602468971173,0.826581706140976,0.0800079864414315,0.0850162637150481
"707",707,"4212",0.342764525920109,0.467433246792621,0.084120004985679,0.0859049020900784
"708",708,"4213",0.954741746926153,0.96672718744628,0.112291612521963,0.116932265260991
"709",709,"4214",0.255653025476202,0.474369922749166,0.0818131758561357,0.0841952301935737
"710",710,"4215",0.913025441114415,0.729469578045544,0.104315201502479,0.10339883897794
"711",711,"4216",0.0787760386972239,0.266351590581728,0.0730782047117497,0.0751985803578921
"712",712,"4217",0.775340688927791,0.790979307604919,0.0999741394119499,0.101925363780307
"713",713,"4218",0.979228830741793,0.928030055570565,0.11647879322367,0.116829586463066
"714",714,"4220",0.593130633939427,0.798868076593207,0.0921769375975468,0.0965786239075742
"715",715,"4221",0.674993498136506,0.832863046513197,0.0952909350109951,0.101391446025031
"716",716,"4223",0.977343513791286,0.989067366318899,0.12358633703847,0.131294346856696
"717",717,"4224",0.413166721569713,0.825617055186833,0.0863846242646918,0.101592060026512
"718",718,"4225",0.49837768158064,0.77445819005187,0.0904689173591889,0.102085241268655
"719",719,"4226",0.611954452539052,0.839472500179988,0.0930843411417251,0.0982150127045628
"720",720,"4227",0.616422231976609,0.798288060145649,0.0936341354758126,0.0991817361247351
"721",721,"4271",0.880676809621514,0.912867516733051,0.119422058296217,0.131692495519772
"722",722,"4272",0.815719587259055,0.870002304239381,0.11118164160764,0.114889191074194
"723",723,"4280",0.313857245112836,0.23900541130944,0.0826838360703931,0.0805806672010066
"724",724,"4285",0.0845637306049748,0.284990325004122,0.070978361542682,0.0742497497124318
"725",725,"4300",0.0109416789069446,0.0692799973791961,0.0710534848365124,0.0704100150355472
"726",726,"4301",0.821104996082813,0.476187575745061,0.0990281315672165,0.0959029345768456
"727",727,"4303",0.912077797139657,0.577217521195551,0.119313339313388,0.104414587294182
"728",728,"4304",0.0960124458821755,0.150645194661625,0.0728471444562973,0.0721932113702409
"729",729,"4305",0.0142132637008683,0.0903059203002013,0.0717440773070898,0.0706595340449595
"730",730,"4306",0.286756361691215,0.259582163628675,0.082565064974998,0.0822973040259597
"731",731,"4311",0.3838420620689,0.22728920271827,0.0852334109267961,0.07893805007501
"732",732,"4341",0.170877874118727,0.145152721825557,0.0759255713876141,0.0697366871798762
"733",733,"4350",0.0022795469239637,0.0507726284105438,0.0698920197386336,0.0685084787453399
"734",734,"4352",0.0508436392589401,0.0528690768096357,0.0695362672418812,0.0676595206238295
"735",735,"4370",0.221193972333722,0.140060995086904,0.0790332225154951,0.0724086082555681
"736",736,"4380",0.319796006796796,0.164893279285205,0.0820448688249474,0.0714648501436696
"737",737,"4390",0.1263893591574,0.0495955949337934,0.0719634376033696,0.0503501132699711
"738",738,"4401",0.57719206226853,0.228949346440648,0.0939380813327007,0.0816448746291657
"739",739,"4405",0.0399647844592212,0.0910530325121079,0.0668646845791611,0.0683730997801796
"740",740,"4413",0.601303977683036,0.474257788506409,0.0947816735141883,0.0920563883640602
"741",741,"4421",0.815719587259055,0.906627091743974,0.11118164160764,0.113077502100887
"742",742,"4455",0.544445611236718,0.5482060966661,0.091801956974802,0.094752141786407
"743",743,"4487",0.94296512353014,0.994853652204359,0.127002035279135,0.221102420684432
"744",744,"4500",0.0100703282894415,0.0202890924391488,0.0673921394146269,0.0653536941497602
"745",745,"4501",0.333810397193634,0.0841645960467053,0.0826971481318416,0.0708331461188176
"746",746,"4502",0.352812615758294,0.0911234527242949,0.0839054417542761,0.0731957866417075
"747",747,"4503",0.0218634722876426,0.0192492218291529,0.0705914821067837,0.0684247015202338
"748",748,"4504",0.0172572021900441,0.0422502487058734,0.0629089242760604,0.0633944784987714
"749",749,"4505",0.551268580028297,0.231951550555891,0.0916407711208826,0.0845327994207755
"750",750,"4506",0.552894926269874,0.263109650228418,0.091074326805133,0.0860243266275849
"751",751,"4507",0.67326549450789,0.715215963828366,0.0980461606749283,0.10884653424782
"752",752,"4508",0.383189785738001,0.191201491376318,0.0857044051190671,0.0812179347030598
"753",753,"4509",0.448320563569753,0.174429308545739,0.0878442056040692,0.0830233033287206
"754",754,"4510",0.165540798961457,0.163716237316841,0.0801817459582348,0.0781112252318366
"755",755,"4511",0.261420767368005,0.183193240670426,0.079441134297051,0.07205467234805
"756",756,"4514",0.532242097524258,0.865172539523652,0.0921754232889506,0.105497016431039
"757",757,"4515",0.745188627260975,0.876306056904196,0.104882302965508,0.110372032729875
"758",758,"4519",0.718956974805438,0.95306040601116,0.101258970385702,0.116708117610666
"759",759,"4520",0.817641386132049,0.194438355064927,0.106657647096654,0.0897642054056535
"760",760,"4550",0.941568048876974,0.983579011224241,0.125430976085804,0.137404475254063
"761",761,"4551",0.461600423166823,0.867934218487593,0.0882219319963221,0.094355283949149
"762",762,"4552",0.999032496828275,0.997438760556725,0.175046365016735,0.163411242298507
"763",763,"4553",0.575769112815556,0.933430987508233,0.0942502100663612,0.111886683128087
"764",764,"4555",0.542398758697321,0.873087275737583,0.0925297877417481,0.107531050353395
"765",765,"4556",0.495426082834605,0.888161538538082,0.0892103406685219,0.0958213749112078
"766",766,"4557",0.916075338619691,0.886093191572136,0.111449112211613,0.11550079467744
"767",767,"4558",0.381488570097146,0.850622512403405,0.0854169969810834,0.0961011000743252
"768",768,"4559",0.954290517069658,0.96629672858512,0.126729306039343,0.131171834511792
"769",769,"4560",0.794704824790021,0.986779599157835,0.0999772083109912,0.10901445609023
"770",770,"4561",0.694361427229229,0.953295317902148,0.100427094361875,0.119138649678614
"771",771,"4562",0.799849047370948,0.990880708824614,0.108208076818211,0.125302066043964
"772",772,"4563",0.920329162799834,0.982006557455394,0.121799375090991,0.138650101777638
"773",773,"4564",0.763560497025689,0.932749270450692,0.103100438482524,0.115248291539406
"774",774,"4565",0.772768645513128,0.983817025714906,0.103374959850484,0.1204843839224
"775",775,"4566",0.704214311933107,0.97835555848955,0.101451992122192,0.124148220717122
"776",776,"4567",0.929736385150665,0.987496813499015,0.119952144986656,0.137553138770577
"777",777,"4570",0.585698776551012,0.945177438451131,0.0917714097251444,0.100080295901097
"778",778,"4573",0.961499307887955,0.993287633784365,0.11409863344548,0.122348407072162
"779",779,"4575",0.349566546415956,0.689915588985228,0.0844475202076899,0.0907775636004715
"780",780,"4605",0.978657663246623,0.993935042777598,0.131074300470158,0.180538388724604
"781",781,"4610",0.303752685255429,0.250905184198995,0.0822059506377571,0.0794185900356891
"782",782,"4615",0.592467232226224,0.41380959267684,0.0951421770966293,0.0896368113226011
"783",783,"4650",0.939195349485199,0.907888629262595,0.109769190062224,0.113692188253084
"784",784,"4655",0.640427127157753,0.713801607891936,0.0928832373042672,0.095679178940105
"785",785,"4660",0.532242097524258,0.817385964025456,0.0921754232889505,0.0989754094651028
"786",786,"4670",0.0135154904088078,0.179507421503038,0.0708216286002129,0.0723559421532956
"787",787,"4677",0.834869349346774,0.762252889736757,0.113275994258795,0.118922233883492
"788",788,"4680",0.0013058900760704,0.162465848115275,0.0644443587961036,0.0666617560199294
"789",789,"4700",0.107389654423257,0.134906794822846,0.0733724601503926,0.0710961650757279
"790",790,"4701",0.120264493531436,0.161934597402906,0.0780893801484517,0.0766508347652216
"791",791,"4702",0.354521923851843,0.170875267272392,0.0850316678690615,0.0819060914796853
"792",792,"4703",0.333708874131332,0.274500670871472,0.0837462132041333,0.0811101888650394
"793",793,"4715",0.804692032861865,0.586611717872049,0.106053498695152,0.100771919765749
"794",794,"4717",0.249092258308036,0.233332037073447,0.0786809432234525,0.0745119507140627
"795",795,"4720",0.196518676539878,0.228281191480778,0.0785798226660509,0.0764096348099156
"796",796,"4721",0.473326119991517,0.304591738587221,0.0892421288011881,0.0833929478799574
"797",797,"4737",0.114902995646996,0.176549038908921,0.0715037222285363,0.0709891323480428
"798",798,"4740",0.0426349515854438,0.308645255522149,0.075908952141212,0.0773698030626887
"799",799,"4744",0.225216964294068,0.253705856791833,0.0786779596109951,0.0762412375341443
"800",800,"4750",0.769777162705318,0.882836413292346,0.105180758693409,0.116439710196576
"801",801,"4753",0.377819725860046,0.503823357217492,0.0847374689017418,0.0884804713930265
"802",802,"4800",0.397879933884332,0.482766826144188,0.0856887603155435,0.0881926538016158
"803",803,"4802",0.537275972463523,0.568894570131914,0.0914967165070844,0.0942367403223203
"804",804,"4805",0.348100541844833,0.451042879118514,0.0836431333168607,0.0858453103238511
"805",805,"4806",0.685027592418378,0.540429666954817,0.101055999389158,0.0971669319196238
"806",806,"4807",0.0973280532065769,0.228423738209147,0.0699607158559344,0.07197461400762
"807",807,"4810",0.567447985728212,0.280824957391469,0.0920114760977305,0.0867669884375186
"808",808,"4811",0.307156540288528,0.339937864014407,0.0820806894491212,0.0825355922660293
"809",809,"4812",0.41410005897831,0.339020780758858,0.0866319997691789,0.0846682172408682
"810",810,"4814",0.0443026898486066,0.140999582518281,0.0731110308012071,0.0735711732020667
"811",811,"4815",0.977359313256347,0.73310446659048,0.116789184396582,0.1108741447638
"812",812,"4816",0.403504815875886,0.406554932302686,0.0859961080997748,0.0862733604819892
"813",813,"4817",0.224576499075985,0.257980677465484,0.0811298710924912,0.0808556192306807
"814",814,"4818",2.41815922719102e-06,0.00913116748485387,0.0450869541528323,0.0492292350924408
"815",815,"4820",0.111685160530126,0.257862500138978,0.0712872766090234,0.0752214239120514
"816",816,"4825",0.418454799964679,0.634850443642543,0.0869419403679413,0.0909501280041829
"817",817,"4850",0.756731266163705,0.73342675153572,0.103368693035928,0.1038566224661
"818",818,"4854",0.492821008246776,0.655598139787442,0.0900959024767356,0.0964822146229128
"819",819,"4860",0.414810248279333,0.625040243303787,0.0865115283934984,0.0922676582400679
"820",820,"4865",0.806873396871409,0.701795335194407,0.105813152578398,0.102529365095004
"821",821,"4868",0.0534570123467188,0.254799187487353,0.0705889583805471,0.0735116232402122
"822",822,"4869",0.0415103312614046,0.237806221929898,0.0690008988013178,0.0722364297116539
"823",823,"4870",0.811823226757006,0.817862243701107,0.0964579683561105,0.0974612660771064
"824",824,"4871",0.77877614943664,0.903255845463549,0.103134268988356,0.10448250385024
"825",825,"4872",0.756578862433388,0.913663226872644,0.106434436899287,0.110993271704681
"826",826,"4873",0.517502354158129,0.782143772280191,0.0912918208428764,0.103488088931753
"827",827,"4874",0.782065873884516,0.87556555788828,0.105184748267436,0.118886496261774
"828",828,"4877",0.600696158689837,0.875785072452662,0.0958579451925755,0.110439628274776
"829",829,"4878",0.587484800662314,0.676674027008447,0.0936870590242516,0.0969019726034607
"830",830,"4879",0.114362670197085,0.374614516037817,0.073601872868949,0.0780036185757409
"831",831,"4880",0.580900195816911,0.867978552581642,0.0932771160436145,0.102488792623502
"832",832,"4881",0.971001017948735,0.97007782350132,0.135862692068029,0.135928914509777
"833",833,"4883",0.951735911608971,0.972128887555865,0.1216174744584,0.139936936373823
"834",834,"5000",0.721418773360803,0.58096679794933,0.101780448825058,0.0970103860563003
"835",835,"5006",0.869645774735255,0.772040200225776,0.116673429532491,0.110466359633199
"836",836,"5007",0.452395303191011,0.675949448225467,0.0881899090725769,0.0940487784307963
"837",837,"5008",0.675388987465621,0.718547181382503,0.0973380525923986,0.0993175541836564
"838",838,"5009",0.726930856521822,0.844540696565846,0.103005650760204,0.105083656498176
"839",839,"5010",0.452395303191011,0.76553113800946,0.0881899090725769,0.0964064122320291
"840",840,"5011",0.715284635413031,0.875403849627994,0.0996148737728382,0.105933965196912
"841",841,"5012",0.674371840492337,0.797346746146964,0.0971148855419532,0.101694583004371
"842",842,"5013",0.909741888983668,0.904187698436502,0.115260057763071,0.11465252036404
"843",843,"5014",0.941101011103682,0.93665477297281,0.119951236381555,0.124231873861919
"844",844,"5017",0.808132941800491,0.907758895510946,0.108337373217998,0.145784300144061
"845",845,"5019",0.844928297485667,0.923891940346463,0.1106221642419,0.145313500020743
"846",846,"5022",0.83914109971104,0.829362185184021,0.106841554762274,0.110963476464498
"847",847,"5023",0.92129180618196,0.91947860057576,0.112104487501943,0.113440018178127
"848",848,"5024",0.310278492702173,0.717303849432078,0.0819243092948517,0.0917409221511372
"849",849,"5025",0.625226304352325,0.764153325357269,0.0966825925773709,0.101000846126872
"850",850,"5031",0.695841494366975,0.771713931259997,0.0995546081106829,0.101445169042605
"851",851,"5032",0.463659052082433,0.674360285151957,0.0884903401396361,0.0938533317396238
"852",852,"5033",0.92841545992443,0.852966393131633,0.118223107075357,0.116984700716164
"853",853,"5034",0.392104297088809,0.318343380776752,0.0854824719507084,0.083139969726245
"854",854,"5037",0.740996956513861,0.665994321450073,0.101973105373612,0.101047192381913
"855",855,"5038",0.622427751448106,0.589061275321257,0.0947383221207209,0.0945724179980371
"856",856,"5039",0.304733673651619,0.269599848520039,0.0815716452836426,0.0806629539090094
"857",857,"5041",0.443282796996293,0.195754439709074,0.08768256182104,0.0813792497771666
"858",858,"5042",0.451550088733145,0.156747032314947,0.088081530639668,0.0800671505594977
"859",859,"5043",0.589691786686986,0.308236009885156,0.0932453617360085,0.0876185471303233
"860",860,"5044",0.503494844977525,0.440592792674426,0.090509212137552,0.0886482036699459
"861",861,"5045",0.992516391238037,0.911748712765637,0.137147353850455,0.130158759923336
"862",862,"5046",0.448100830828731,0.272147925597703,0.0879569884516271,0.0823871267605977
"863",863,"5047",0.406648559089524,0.127918219869259,0.086113997563422,0.077966128895817
"864",864,"5048",0.526942716013957,0.308789625406663,0.0912163199677986,0.0849947186811235
"865",865,"5050",0.557864683362088,0.147596107359522,0.0935121549016654,0.0798916748956862
"866",866,"5051",0.0593392007699723,0.0486583129195669,0.0667256457153188,0.0628441984995869
"867",867,"5052",0.657298034526925,0.259890506281052,0.0985194509388747,0.0861493877642524
"868",868,"5061",0.7695477098444,0.515081468131704,0.104266811899824,0.0967690539117739
"869",869,"5062",0.184522782333302,0.251187230418895,0.0760368783972878,0.0771784398325154
"870",870,"5063",0.616025534030626,0.47525017588109,0.094997498485182,0.0918632108016892
"871",871,"5066",0.53743079027504,0.489799382811932,0.092003410336444,0.0910977778523286
"872",872,"5067",0.32563026590086,0.350686546892945,0.0824137543760991,0.0819319997575697
"873",873,"5068",0.515737524221892,0.529922247545535,0.0908910075046992,0.0912423398864202
"874",874,"5070",0.943547169547886,0.81189180601118,0.117913173160591,0.112488461491528
"875",875,"5072",0.587484800662314,0.546402021223311,0.0936870590242518,0.0933771078426689
"876",876,"5073",0.747791738781617,0.712410496023665,0.100961710999537,0.100900895413436
"877",877,"5074",0.831308555802165,0.765359767999305,0.106954994940682,0.106222883042784
"878",878,"5076",0.624353794458649,0.656706673202018,0.0961478447147048,0.0987676377572091
"879",879,"5081",0.567417928212459,0.610034435132564,0.0938123258960869,0.0943838215176451
"880",880,"5082",0.622322782380991,0.719281164635348,0.094614180603944,0.0963917980945814
"881",881,"5083",0.333810397193633,0.42390233778631,0.0826971481318416,0.0848165369954998
"882",882,"5084",0.982859847035303,0.918268987990969,0.127475672895868,0.123534014469861
"883",883,"5085",0.557049784450232,0.559240196681688,0.0915290414932892,0.0918061972533679
"884",884,"5086",0.591425641484111,0.413528128974466,0.0929821768988973,0.0899360533375753
"885",885,"5087",0.521276840137301,0.547184868908064,0.0908930105368831,0.0914992527037758
"886",886,"5088",0.557864683362088,0.330779042224659,0.0935121549016654,0.0858018413478209
"887",887,"5089",0.600696158689835,0.590422793667359,0.0958579451925754,0.0991913445050207
"888",888,"5092",0.0696768484470077,0.0792042427356818,0.0698116597451565,0.0671207048753839
"889",889,"5093",0.406648559089524,0.199963349122759,0.086113997563422,0.0796039411791827
"890",890,"5095",0.556609299076864,0.335487220588077,0.0912638533834593,0.087918886875606
"891",891,"5096",0.27795728104818,0.132454750274223,0.0808494294622276,0.0765889774236877
"892",892,"5098",0.656541745313506,0.367215077252214,0.0965970045666338,0.090102903423153
"893",893,"5107",0.1878927435679,0.150520509896823,0.0778373083877283,0.0747478942157989
"894",894,"5108",0.210871169226911,0.192659340935458,0.081017714177388,0.0793154152092922
"895",895,"5109",0.111733938875612,0.163645121292216,0.0730366511546968,0.0736002229091233
"896",896,"5110",0.204210116365796,0.185041879005393,0.077214867958586,0.0754851687706761
"897",897,"5112",0.894843511514318,0.722721373047596,0.108215304114882,0.105169530507998
"898",898,"5113",0.999984541785981,0.983677796054394,0.145168222092308,0.144707419159679
"899",899,"5114",0.377811292445096,0.505181684945495,0.0860424699709325,0.0870947285642641
"900",900,"5115",0.454932298872718,0.471438244692871,0.0880564067579534,0.0883257957561058
"901",901,"5116",0.747461568248925,0.621748897784915,0.102387490708145,0.0999497572551896
"902",902,"5118",0.615888466652272,0.56031157719034,0.0941288521723409,0.0934509360042153
"903",903,"5125",0.356745096325248,0.229414585885491,0.0844354558475068,0.080460451214075
"904",904,"5152",0.799849047370948,0.605765208380457,0.108208076818211,0.102121547475559
"905",905,"5154",0.756578862433388,0.715295432348067,0.106434436899287,0.113534746068701
"906",906,"5158",0.0581942581787003,0.0468176919098434,0.070217742400898,0.0651532036958222
"907",907,"5159",0.241768919010896,0.0544808665256554,0.0805895392832002,0.0749470287184775
"908",908,"5162",0.35881450504843,0.215993651246606,0.0851031465400246,0.0815148469047276
"909",909,"5163",0.373526718229333,0.190061158284109,0.0849795916683086,0.0792012065101047
"910",910,"5164",0.724069747473542,0.464185072012517,0.102359225147927,0.0942080948402935
"911",911,"5165",0.741737870684853,0.505859667473713,0.104076463803513,0.0964036214596754
"912",912,"5167",0.657298034526926,0.405582939232669,0.0985194509388747,0.090400460651608
"913",913,"5168",0.53743079027504,0.326935837351854,0.0920034103364439,0.0857963658800936
"914",914,"5169",0.195167755035101,0.20356703514741,0.0778935827188348,0.0751711299242279
"915",915,"5172",0.908197294557824,0.268754262380755,0.122959860871633,0.0944052295478835
"916",916,"5173",0.993810564867427,0.726674039929753,0.130835096009631,0.11702166947138
"917",917,"5211",0.740996956513861,0.799393507454696,0.101973105373612,0.118394832394786
"918",918,"5214",0.489988328535561,0.488754840437182,0.0900551007364734,0.0927822496130565
"919",919,"5238",0.802401186634489,0.699617941073311,0.109841625563923,0.102947808937361
"920",920,"5251",0.216007040300586,0.234035114901819,0.0784077063782922,0.0785645285693305
"921",921,"5252",0.742569757984149,0.761705442458261,0.103202941372136,0.102544227963078
"922",922,"5253",0.420908985366758,0.295598622194506,0.0868190101000772,0.0842347444420467
"923",923,"5290",0.0827378740726573,0.0921363004647409,0.073028977708853,0.0660323109326731
"924",924,"5341",0.375441768685405,0.452636719203372,0.0846715051961422,0.0865221069721419
"925",925,"5343",0.456838793652942,0.541125867257264,0.0884480729826888,0.0903766160046626
"926",926,"5351",0.592467232226224,0.570563884655945,0.0951421770966293,0.0951873287037208
"927",927,"5352",0.698859740595661,0.639802685016551,0.101530377401956,0.104604698193262
"928",928,"5501",0.795699732901027,0.593243750532203,0.107258432796342,0.100837573454331
"929",929,"5540",0.615825433848702,0.62184581615394,0.0944509601877745,0.0989177534452197
"930",930,"5554",0.600919268033156,0.656211869308391,0.0953617142263368,0.107539642853174
"931",931,"5600",0.704214311933107,0.530116220990119,0.101451992122192,0.0952121782457427
"932",932,"5606",0.451106934790664,0.439272602893741,0.0879142255068224,0.0873896370696605
"933",933,"5608",0.647148247336874,0.464418751979326,0.0954454936556521,0.0920858630639976
"934",934,"5700",0.386060059008711,0.363708099672164,0.0854572870867461,0.0829011012754713
"935",935,"6003",0.834869349346774,0.936703101940453,0.113275994258795,0.133469712741824
"936",936,"6004",0.86502518444851,0.870146435486337,0.112781143405956,0.124437084746493
"937",937,"6005",0.869486483393037,0.966085494616246,0.115685480378779,0.139923688856716
"938",938,"6008",0.95089358131435,0.955458099379356,0.118300602574048,0.123475007045378
"939",939,"6009",0.343160146613853,0.710189786666146,0.0833608621899249,0.09496647640767
"940",940,"6010",0.850237005385209,0.899697363517402,0.108581619223098,0.114133164822437
"941",941,"6011",0.686795096072401,0.831277188489848,0.099958558090164,0.112472687016555
"942",942,"6012",0.617142206535931,0.765748046524433,0.0962370716987251,0.110009696344618
"943",943,"6014",0.399155969590303,0.706966509752851,0.0860039984813958,0.0921853538970846
"944",944,"6017",0.869804668349355,0.646838988335447,0.1133376810696,0.104448440890362
"945",945,"6018",0.151803003140905,0.315919485256757,0.07792660278077,0.0794093445483938
"946",946,"6019",0.877079711029672,0.755064603256884,0.106389385369076,0.106348479323393
"947",947,"6020",0.379770534886195,0.0832086932915042,0.0852176360685107,0.0765292048782003
"948",948,"6021",0.199954448481784,0.216566939345661,0.0783682245542064,0.0779328664484134
"949",949,"6023",0.179153782011793,0.0461696310968579,0.0763429880230044,0.0676906139766665
"950",950,"6024",0.0951684920851343,0.0201859770094495,0.0714945271863741,0.0654151332457865
"951",951,"6025",0.058678722368849,0.0161756749824685,0.0712282908953334,0.0653546401020609
"952",952,"6026",0.0463476779157967,0.006713786087306,0.0663866727345438,0.0588501484631433
"953",953,"6027",0.125894570442645,0.0139592859180739,0.0769577784276518,0.0701576920877636
"954",954,"6028",0.183522554241482,0.0567802012604831,0.0775046652879893,0.070224214181018
"955",955,"6030",0.140043210883946,0.083173464940009,0.0785698073398143,0.0747705784803712
"956",956,"6031",0.165335124028464,0.0312884446298005,0.0768004232602914,0.069754690288033
"957",957,"6035",0.942273362968137,0.965990601120938,0.118854400078386,0.147467988965671
"958",958,"6036",0.413267184514091,0.181519887821168,0.086663756049322,0.080347212181649
"959",959,"6050",0.421650776349878,0.691824677280056,0.086773713182464,0.0934753607702306
"960",960,"6051",0.408477498354477,0.454411396941929,0.086329722351138,0.0870300362777152
"961",961,"6052",0.359439854796871,0.377453482439233,0.0841817043080056,0.0844224591759434
"962",962,"6053",0.43126017292589,0.470599273673496,0.087181336695543,0.0878688193399072
"963",963,"6054",0.962670642645418,0.773126120534592,0.114039345736804,0.11014498642222
"964",964,"6055",0.243583007571612,0.510534564404948,0.0802874805718211,0.0843986782391696
"965",965,"6056",0.979569451831733,0.826042049719098,0.11300347790507,0.111131251403718
"966",966,"6057",0.0681468695411662,0.349762743649436,0.0694207288609023,0.0757330418345201
"967",967,"6058",0.856147503203475,0.793983717287399,0.107207242042703,0.106586239027383
"968",968,"6059",0.0996193342057367,0.181835399494121,0.0724781767052656,0.0734834988953746
"969",969,"6060",0.533296735294234,0.395787682855476,0.0905312887704164,0.0885485812225789
"970",970,"6061",0.521392821796048,0.178859589434325,0.0897034372780629,0.0857176690915521
"971",971,"6062",0.461371167091644,0.440656870730402,0.088218409090701,0.0878405851710044
"972",972,"6063",0.438771601126732,0.508727387476683,0.0874755471800961,0.0888052655229467
"973",973,"6064",0.0565953896723385,0.0261424500518738,0.0723253459219659,0.0679469336327544
"974",974,"6065",0.000324963678966617,0.00334695795894979,0.0624115921676252,0.0599693728755176
"975",975,"6066",0.239295241090741,0.130379331549622,0.080013494371855,0.0728015297621504
"976",976,"6069",0.0112652582197208,0.15298553198434,0.0672675113050327,0.0685606518924863
"977",977,"6070",0.709495790453809,0.792127905612744,0.102766967405192,0.110650859860143
"978",978,"6073",0.885835718238181,0.925390539733875,0.120254962980619,0.144143553062369
"979",979,"6076",0.20034409374318,0.794051232569652,0.0772045114824966,0.0889551590897487
"980",980,"6082",0.889906999037477,0.989679267593829,0.11970681725747,0.22963602381709
"981",981,"6100",0.622427751448105,0.712002183251404,0.0947383221207211,0.098434302309197
"982",982,"6101",0.4699969711991,0.734430935432032,0.0885547243086997,0.0937193082809847
"983",983,"6102",0.986817389229033,0.959218614589735,0.129211228056645,0.128684409534255
"984",984,"6103",0.297650201979799,0.588122350331919,0.0813668860898808,0.0882440178711969
"985",985,"6104",0.931193775475515,0.821531484024772,0.114299484770156,0.112466386925887
"986",986,"6105",0.476057785073639,0.669788257536671,0.0888072744763985,0.0921027297574812
"987",987,"6107",0.976413360741567,0.933175766133855,0.109496397372733,0.109537759585209
"988",988,"6108",0.137930969672154,0.580044561323695,0.0765496607260787,0.0826391553186044
"989",989,"6109",0.999601399835836,0.97434036364299,0.147679529063248,0.139039340727076
"990",990,"6110",0.522746641282762,0.689742683841443,0.0897658131553277,0.0918476835734869
"991",991,"6111",0.859922187190252,0.766811334667121,0.103689650547512,0.103055054926697
"992",992,"6112",0.940967175629833,0.650656403866246,0.102501117442736,0.1009553942108
"993",993,"6122",0.0217674513162956,0.148872019594384,0.0638457859224295,0.0663404834949101
"994",994,"6147",0.794202894572991,0.757259361798335,0.101479774491607,0.102006709090097
"995",995,"6148",0.521276840137301,0.650187242279511,0.0908930105368831,0.0938283192098806
"996",996,"6149",0.278469496710117,0.489157811779002,0.0807565098034321,0.0850373778084351
"997",997,"6150",0.721234301669227,0.696051199881267,0.100754499697758,0.100262742916224
"998",998,"6151",0.781676297629406,0.860585654687289,0.103026452754278,0.107954541168225
"999",999,"6152",0.593145314478279,0.818806489899792,0.0927725038779921,0.0992801405481994
"1000",1000,"6153",0.576554140421146,0.621005577787119,0.092710890374016,0.0939610663388406
"1001",1001,"6154",0.57719206226853,0.626757815137116,0.0939380813327007,0.0962853604403694
"1002",1002,"6155",0.543912175690571,0.580118466873495,0.0903226947864107,0.090815168514884
"1003",1003,"6156",0.358946174985202,0.596122835724138,0.0844706852971246,0.0889393067652445
"1004",1004,"6157",0.319312021052578,0.704055183427856,0.0825862039497881,0.0916980706903395
"1005",1005,"6158",0.869584130458245,0.894598889511085,0.114035043378408,0.123622635485215
"1006",1006,"6160",0.779256960619827,0.894293887556394,0.105425662112631,0.113577528231326
"1007",1007,"6162",0.91256496878303,0.917718303055627,0.113989434926482,0.121143306992897
"1008",1008,"6163",0.910448649404777,0.82773278760259,0.103652985169599,0.103479992071474
"1009",1009,"6164",0.00063097775079346,0.215480485283466,0.0638243755757469,0.067351356401295
"1010",1010,"6166",0.760194121155635,0.670923534432338,0.103228944778567,0.101578857370462
"1011",1011,"6167",0.711783899283638,0.560983767939404,0.0958314453778351,0.0947314432756651
"1012",1012,"6168",0.830515776668643,0.413912449954384,0.10306807150126,0.0957014272620992
"1013",1013,"6169",0.291276619584108,0.284851082655197,0.083464321434632,0.0819989437381588
"1014",1014,"6170",0.580900195816911,0.390404456061883,0.0932771160436144,0.0887651772368654
"1015",1015,"6171",0.00420292653874765,0.0631963926557848,0.06284989066228,0.0633295595838626
"1016",1016,"6172",0.451106934790664,0.190528098741085,0.0879142255068222,0.0815767682918181
"1017",1017,"6173",0.041931588023058,0.0844545564614674,0.0655226113563781,0.0631687571799999
"1018",1018,"6174",0.701398836732546,0.420998276285661,0.102188090330946,0.0919077894270574
"1019",1019,"6175",0.658633934000093,0.4803148144052,0.0989433588734288,0.0933659892995865
"1020",1020,"6180",0.292812733074628,0.332564660333398,0.0807792825629198,0.0803539949661448
"1021",1021,"6208",0.400432443277833,0.429410668555444,0.0858879046970322,0.0861899014383544
"1022",1022,"6210",0.519582541517783,0.423391517866345,0.0895748974158253,0.0886961046520443
"1023",1023,"6211",0.4405512407953,0.455818377500272,0.0876722080759426,0.0880471669477128
"1024",1024,"6215",0.752652718833341,0.558024259571887,0.105469802892823,0.0989674132300237
"1025",1025,"6220",0.617780764808013,0.368482352396587,0.096840647345977,0.0880258710958124
"1026",1026,"6225",0.273569700559716,0.252542136513153,0.0800136937722371,0.0754737451956825
"1027",1027,"6230",0.627275482602641,0.34139360628823,0.0925739260132808,0.0892718502756156
"1028",1028,"6232",0.179153782011793,0.159576274864986,0.0763429880230044,0.0723964056923898
"1029",1029,"6233",0.133365468624775,0.151553207181286,0.0748658066487961,0.0727178073637079
"1030",1030,"6280",0.502320716179137,0.263366576826794,0.0895653652941317,0.0857432694233768
"1031",1031,"6281",0.955453248989844,0.747461851251552,0.124171826988818,0.114077317278767
"1032",1032,"6285",0.831308555802166,0.413817381987254,0.106954994940682,0.095645291772923
"1033",1033,"6317",0.625735880746081,0.707055403215839,0.0969941131287155,0.115310974971744
"1034",1034,"6330",0.119026158493009,0.0203913853043673,0.0756029961660816,0.0699535176349351
"1035",1035,"6333",0.999124644439424,0.978904389072248,0.168107879035496,0.143951544789174
"1036",1036,"6401",0.181720540968433,0.0985168255643863,0.0754561971528438,0.058557738925003
"1037",1037,"6430",0.580562376130152,0.324028950361592,0.0919331084639379,0.0884548699149872
"1038",1038,"6432",0.876785908370773,0.671726800473773,0.110714504472768,0.103281517899508
"1039",1039,"6450",0.0613266656295367,0.0231937571694811,0.067614985655703,0.0474623210462642
"1040",1040,"6530",0.771131764723467,0.711356476303451,0.097881688416119,0.100620269858896
"1041",1041,"6701",0.448668333056079,0.420523388116283,0.0880579102565967,0.0865972625679439
"1042",1042,"6714",0.151889270243639,0.1585560598498,0.0769653314772919,0.0732932780446485
"1043",1043,"6721",0.46039570682583,0.214547350428444,0.0885627587465415,0.0786953445380661
"1044",1044,"6722",0.271338091468922,0.175549212810859,0.0807911976741969,0.0754232060717475
"1045",1045,"6725",0.0565383947489143,0.0877718884148569,0.0691540268746044,0.0664759774327005
"1046",1046,"6728",0.402386560336018,0.295558262798288,0.0859102704424396,0.081593059539104
"1047",1047,"6743",0.436388701875627,0.481511185653369,0.0874131443233738,0.0886394635289934
"1048",1048,"6770",0.44866833305608,0.537626612659493,0.0880579102565967,0.0903975116739248
"1049",1049,"7000",0.915987648945328,0.69751166646709,0.115572099034093,0.10824476445812
"1050",1050,"7004",0.567417928212459,0.489988469620477,0.0938123258960869,0.0913462642098459
"1051",1051,"7005",0.860717867690223,0.685970848833519,0.111662383479198,0.105736456220398
"1052",1052,"7008",0.449519016962546,0.30956643135165,0.0879137097217878,0.0846845107605838
"1053",1053,"7009",0.517559040690178,0.255762749654625,0.0906065929129125,0.0831901727667436
"1054",1054,"7010",0.380724079137403,0.185935426283032,0.0853233554782334,0.0804417504501795
"1055",1055,"7011",0.0941922785450109,0.143019191932964,0.0716664657305079,0.0713515578059783
"1056",1056,"7018",0.169821681803091,0.369170060812716,0.0764007082716319,0.0802283027266402
"1057",1057,"7019",0.384920546901271,0.625629373029263,0.0851710620858932,0.0904293435847735
"1058",1058,"7030",0.796792138552872,0.565380545214301,0.101443274742862,0.0979161329078573
"1059",1059,"7052",0.6867950960724,0.503784892477067,0.0999585580901638,0.0952846145432232
"1060",1060,"7054",0.479534730893253,0.521835717319373,0.0893924744096214,0.0898927529553061
"1061",1061,"7109",0.899688618599155,0.802765696347588,0.115790733087696,0.11261015241484
"1062",1062,"7140",0.92790034551203,0.694347147425675,0.117469796228642,0.107957188358427
"1063",1063,"7150",0.875388960325765,0.786787728963677,0.118604564705569,0.116293834404826
"1064",1064,"7172",0.574996195808986,0.222289676713658,0.094432142998016,0.0839526260358575
"1065",1065,"7173",0.947139176596765,0.773559775845645,0.124727664736286,0.112568617337893
"1066",1066,"7215",0.771609756043343,0.933540637143838,0.107737063425477,0.180415222723749
"1067",1067,"7248",0.836605065822609,0.676082402912344,0.105362114447424,0.104567996391271
"1068",1068,"7249",0.137742663432106,0.104263194255448,0.0732189604716681,0.0658248976591275
"1069",1069,"7250",0.935375268896245,0.604835124186224,0.105902302966131,0.102599660631012
"1070",1070,"7253",0.566427471725481,0.620579048407072,0.093969182763985,0.106470506855831
"1071",1071,"7270",0.73338207013473,0.624133808517022,0.104557620866799,0.103750682248748
"1072",1072,"7301",0.836577937575142,0.680225987652417,0.111784267328411,0.107161244585176
"1073",1073,"7306",0.756578862433388,0.532668862016749,0.106434436899286,0.0968535795047944
"1074",1074,"7307",0.54673744163694,0.500878193630223,0.0923181609652888,0.0911616400090014
"1075",1075,"7310",0.677013394581618,0.47814456185117,0.0957199232304837,0.0928608100150334
"1076",1076,"7315",0.198467739337216,0.257147546835239,0.0767448339839998,0.078125997842955
"1077",1077,"7316",0.673124098595785,0.475381182038021,0.0994723423740779,0.0933907359538126
"1078",1078,"7320",0.640621044930769,0.521166324576734,0.0950513482247117,0.0936411086540954
"1079",1079,"7321",0.767329172986364,0.538006571843685,0.106671404804152,0.0973706698184647
